Name,Char Name,Sigil,ATB,Type,element,Range,effect1Target,effect1,effect1Pot,effect1MaxPot,effect2Target,effect2,effect2Pot,effect2MaxPot,effect3Target,effect3,effect3Pot,effect3MaxPot,support1,support2,support3,rability1,rability2,potOb10,maxPot,effect1Dur,effect2Dur,effect3Dur,effect1Con,effect2Con,effect3Con,ob0,ob1,ob6,patk1,patk120,matk1,matk120,heal1,heal120,rAbiilty1PtScale,rAbiilty2PtScale,firstR,secondR,UW,effectRange,uses,id,
Fairy Tale,Aerith,,5,Mag.,Heal,All,Ally,,,,,,,,,,,,DMG +10%,DMG +20% (Mag.),DMG +20% (Mag.),Boost HEAL,Boost Earth Resist.,74,74,,,,,,,53,63,69,27,189,32,220,54,232,16,9,9,0,N,All,0,4008,
Sun Umbrella,Aerith,,4,Mag.,None,Single,Enemy,[Debuff] PDEF -,Mid,Mid,Enemy,[Debuff] MDEF -,Mid,Mid,,,,,DMG +10%,DMG +20% (Mag.),DMG +20% (Mag.),Boost MATK,Boost Mag. Ability Pot.,540,540,25,25,,,,,340,390,480,29,204,37,257,44,189,24,9,5,27,N,Single,0,4014,
Guard Stick,Aerith,,4,Mag.,Heal,Single,Ally,[Buff] MDEF +,High,High,,,,,,,,,DMG +10%,DMG +20% (Mag.),Time +20%,Boost HEAL,Boost Limit Break Pot.,15,15,38,,,,,,10,13,15,29,199,35,241,48,206,32,6,9,0,N,Single,0,4001,
Silver Staff,Aerith,,4,Mag.,Ice,All,Enemy,,,,,,,,,,,,DMG +10%,DMG +10%,DMG +20% (Mag.),Boost ATK,Boost Ice Pot.,540,540,,,,,,,290,350,450,29,199,39,273,42,181,24,9,7,15,N,All,0,4002,
Striking Staff,Aerith,,4,Phys.,None,Single,Enemy,,,,,,,,,,,,DMG +10%,DMG +10%,Heal +20%,Boost ATK,Boost Limit Break Pot.,900,900,,,,,,,480,580,750,35,246,31,215,44,189,24,9,7,0,N,Single,0,4003,
Mythril Rod,Aerith,,5,Mag.,Heal,All,Ally,[Buff] PDEF +,Mid,Mid,Ally,[Buff] MDEF +,Mid,Mid,,,,,DMG +10%,DMG +10%,Time +20%,Boost MDEF,Boost Lightning Resist.,9,9,14,14,,,,,7,8,9,28,193,33,231,51,220,16,9,32,0,N,All,0,4004,
Full Metal Staff,Aerith,,4,Phys.,None,All,Enemy,[Debuff] PATK -,Mid,Mid,,,,,,,,,DMG +20% (Phys.),DMG +20% (Phys.),DMG +20% (Phys.),Boost PATK,Boost Ice Resist.,340,340,25,,,,,,210,240,290,36,252,30,212,44,188,16,9,3,0,N,All,0,4005,
Wizard Staff,Aerith,,4,Mag.,Lightning,All,Enemy,,,,,,,,,,,,DMG +20% (Mag.),DMG +20% (Mag.),DMG +20% (Mag.),Boost MATK,Boost Lightning Pot.,540,540,,,,,,,290,350,450,29,204,37,256,44,191,24,9,5,17,N,All,0,4009,
Wizer Staff,Aerith,,4,Mag.,Earth,All,Enemy,,,,,,,,,,,,DMG +20% (Mag.),DMG +20% (Mag.),✕ X Sigil +2,Boost HP,Boost Earth Pot.,540,540,,,,,,,290,350,450,29,201,38,262,44,188,24,9,1,23,N,All,0,4010,
Ramuh's Staff,Aerith,,4,Mag.,Lightning,Single,Enemy,,,,,,,,,,,,DMG +10%,DMG +20% (Mag.),DMG +20% (Mag.),Boost Water Resist.,Boost HP,480,480,,,,,,,340,390,460,27,191,32,226,40,174,24,6,0,1,N,Single,0,4021,
Prism Rod,Aerith,,4,Mag.,Wind,Single,Enemy,,,,,,,,,,,,DMG +20% (Mag.),Heal +20%,◯ Circle Sigil +2,Boost HP,Boost Wind Pot.,800,800,,,,,,,440,530,660,28,194,38,268,44,188,24,9,1,21,N,Single,0,4007,
Chocobo Staff,Aerith,,4,Mag.,Heal,Single,Ally,[Buff] MDEF +,Mid,High,,,,,,,,,DMG +10%,DMG +10%,DMG +20% (Mag.),Boost HEAL,Boost MDEF,13,13,38,,,,,,9,11,12,26,184,27,186,37,160,16,6,9,32,N,Single,0,4019,
Garnet's Rod,Aerith,,3,Mag.,Heal,Single,Ally,[Buff] MATK +,High,High,Ally,[Heal] Regen,x,x,,,,,DMG +10%,DMG +20% (Mag.),DMG +20% (Mag.),Boost HP,Boost Ability Pot.,13,13,38,15,,,,,9,11,12,28,193,33,233,51,219,24,9,1,29,N,Single,0,4022,
Snowflake,Aerith,,4,Mag.,Ice,Single,Enemy,[Debuff] MDEF -,Mid,High,,,,,,,,,DMG +10%,DMG +20% (Mag.),All (Cure),Boost MATK,Boost Ice Pot.,540,540,30,,,,,,340,390,480,28,193,38,264,45,192,32,9,5,15,N,Single,0,4020,
Heavy Hauser,Barret,,4,Phys.,None,Single,Enemy,,,,,,,,,,,,DMG +20% (Phys.),DMG +20% (Phys.),◯ Circle Sigil +2,Boost ATK,Boost Ability Pot.,940,940,,,,,,,500,600,780,36,252,31,214,43,185,24,9,7,29,N,Single,0,2018,
Gatling Gun,Barret,✕ X,4,Phys.,None,Single,Enemy,,,,,,,,,,,,DMG +10%,DMG +10%,DMG +20% (Phys.),Boost HP,Boost Water Resist.,750,750,,,,,,,400,480,620,36,254,31,218,42,181,16,9,1,0,N,Single,0,2001,
Assault Gun,Barret,,4,Phys.,Heal,All,Ally,[Buff] PDEF +,High,High,,,,,,,,,DMG +10%,DMG +20% (Mag.),DMG +30% (Light.),Boost HEAL,Boost Ice Resist.,6,6,14,,,,,,4,5,6,37,257,30,210,43,184,16,9,9,0,N,All,0,2002,
Heavy Vulcan,Barret,,4,Mag.,Heal,Single,Ally,[Buff] MDEF +,High,High,,,,,,,,,DMG +10%,DMG +20% (Mag.),Time +20%,Boost MDEF,Boost Earth Pot.,13,13,38,,,,,,9,11,12,34,235,28,194,50,215,32,9,32,23,N,Single,0,2007,
W Machine,Barret,,4,Phys.,None,Single,Enemy,[Debuff] PDEF -,High,High,,,,,,,,,DMG +20% (Phys.),DMG +20% (Phys.),DMG +20% (Phys.),Boost PATK,Boost Lightning Resist.,510,510,25,,,,,,320,370,450,39,273,31,214,39,168,16,9,3,0,N,Single,0,2010,
Solid Bazooka,Barret,,4,Phys.,None,Single,Enemy,[Debuff] MATK -,High,High,,,,,,,,,DMG +10%,DMG +10%,DMG +20% (Phys.),Boost HP,Boost Crit. Pot.,510,510,25,,,,,,320,370,450,37,260,30,210,42,182,24,6,1,11,N,Single,0,2011,
Enemy Launcher,Barret,,4,Phys.,None,All,Enemy,,,,,,,,,,,,DMG +10%,DMG +20% (Phys.),DMG +20% (Phys.),Boost ATK,Boost Phys. Ability Pot.,650,650,,,,,,,350,420,550,38,267,30,212,41,175,16,12,7,25,N,All,0,2012,
Max Ray,Barret,◊ Diamond,4,Mag.,None,Single,Enemy,,,,,,,,,,,,DMG +10%,DMG +10%,DMG +30% (Earth),Boost PDEF,Boost Crit. Pot.,750,750,,,,,,,400,480,620,33,233,36,252,40,170,24,6,31,11,N,Single,0,2013,
Flame Projector,Barret,,4,Mag.,Fire,All,Enemy,,,,,,,,,,,,DMG +20% (Mag.),DMG +20% (Mag.),DMG +20% (Mag.),Boost MATK,Boost Fire Pot.,520,520,,,,,,,280,340,440,34,236,35,243,40,174,24,9,5,13,N,All,0,2015,
Shiva Cannon,Barret,,4,Mag.,Ice,Single,Enemy,,,,,,,,,,,,DMG +10%,DMG +20% (Mag.),DMG +20% (Mag.),Boost Fire Resist.,Boost ATK,450,450,,,,,,,320,370,430,29,199,32,222,40,170,24,6,0,7,N,Single,0,2022,
Lefko Kypseli,Barret,,4,Mag.,Heal,Single,Ally,[Buff] PDEF +,Mid,High,,,,,,,,,DMG +10%,DMG +10%,DMG +20% (Mag.),Boost ATK,Boost PDEF,13,13,38,,,,,,9,11,12,29,201,29,205,42,182,16,6,7,31,N,Single,0,2019,
Microlaser,Barret,,4,Mag.,Heal,Single,Ally,[Buff] MATK +,High,High,Ally,[Heal] Regen,x,x,,,,,DMG +10%,DMG +20% (Mag.),All (Cure),Boost HEAL,Boost Fire Resist.,13,13,38,15,,,,,9,11,12,33,231,36,249,40,174,24,9,9,0,N,Single,0,2008,
Hell House Cannon,Barret,,4,Mag.,None,Single,Enemy,[Debuff] MDEF -,Low,Mid,,,,,,,,,DMG +10%,DMG +10%,DMG +20% (Mag.),Boost HP,Boost PDEF,360,360,28,,,,,,260,300,350,29,204,31,214,40,174,16,6,1,31,N,Single,0,2024,
Maritime Sword,Cloud,,4,Phys.,Water,Single,Enemy,,,,,,,,,,,,DMG +20% (Phys.),DMG +20% (Phys.),◯ Circle Sigil +2,Boost PATK,Boost Water Pot.,750,750,,,,,,,400,480,620,38,268,31,215,40,170,24,9,3,19,N,Single,0,1020,
Murasame,Cloud,,4,Phys.,Lightning,Single,Enemy,,,,,,,,,,,,DMG +20% (Phys.),DMG +20% (Phys.),△ Triangle Sigil +2,Boost PATK,Boost Lightning Pot.,750,750,,,,,,,400,480,620,40,278,29,205,40,170,24,9,3,17,N,Single,0,1007,
Iron Blade,Cloud,,4,Phys.,None,All,Enemy,[Debuff] PATK -,Mid,Mid,,,,,,,,,DMG +20% (Phys.),DMG +20% (Phys.),DMG +30% (Wind),Boost PDEF,Boost Limit Break Pot.,350,350,25,,,,,,220,250,310,38,262,30,210,42,181,16,9,31,0,N,All,0,1002,
Hardedge,Cloud,,4,Phys.,None,Single,Enemy,[Debuff] PDEF -,High,High,,,,,,,,,DMG +10%,DMG +10%,DMG +20% (Phys.),Boost ATK,Boost Wind Resist.,510,510,25,,,,,,320,370,450,38,262,32,220,40,172,16,9,7,0,N,Single,0,1003,
Mythril Saber,Cloud,,4,Mag.,None,Single,Enemy,,,,,,,,,,,,DMG +10%,DMG +20% (Mag.),DMG +20% (Mag.),Boost MATK,Boost Ability Pot.,940,940,,,,,,,500,600,780,33,231,36,252,40,172,24,9,5,29,N,Single,0,1004,
Butterfly Edge,Cloud,,4,Mag.,Heal,Single,Ally,[Buff] PDEF +,High,High,,,,,,,,,DMG +10%,DMG +10%,DMG +30% (Ice),Boost HP,Boost Limit Break Pot.,13,13,38,,,,,,9,11,12,39,273,30,210,40,172,32,6,1,0,N,Single,0,1006,
Organics,Cloud,,4,Phys.,None,Single,Enemy,[Status Apply] Stun,30%,Chance,,,,,,,,,DMG +10%,DMG +10%,Heal +20%,Boost MDEF,Boost Ice Resist.,750,750,5,,,30% Rate,,,400,480,620,38,262,30,212,42,178,16,9,32,0,N,Single,0,1008,
Crystal Sword,Cloud,,5,Mag.,Heal,All,Ally,,,,,,,,,,,,DMG +10%,DMG +20% (Mag.),DMG +20% (Mag.),Boost HEAL,Boost Earth Resist.,71,71,,,,,,,50,60,65,32,225,30,207,50,213,16,9,9,0,N,All,0,1009,
Enhance Sword,Cloud,,4,Mag.,Ice,All,Enemy,,,,,,,,,,,,DMG +10%,DMG +20% (Mag.),DMG +20% (Mag.),Boost ATK,Boost Ice Pot.,520,520,,,,,,,280,340,440,32,225,38,262,39,168,24,9,7,15,N,All,0,1012,
Apocalypse,Cloud,,4,Phys.,None,Single,Enemy,,,,,,,,,,,,DMG +20% (Phys.),DMG +20% (Phys.),DMG +20% (Phys.),Boost ATK,Boost Wind Pot.,940,940,,,,,,,500,600,780,37,257,30,212,42,182,24,9,7,21,N,Single,0,1015,
Shiva's Blade,Cloud,,4,Mag.,Ice,Single,Enemy,,,,,,,,,,,,DMG +10%,DMG +20% (Mag.),DMG +20% (Mag.),Boost Fire Resist.,Boost HP,450,450,,,,,,,320,320,450,27,189,33,233,40,170,24,6,0,1,N,Single,0,1024,
Buster Sword,Cloud,✕ X,4,Phys.,None,Single,Enemy,[Unique] DMG+ Matching Sigil ,1.5x,,,,,,,,,,DMG +10%,DMG +10%,DMG +20% (Phys.),Boost HP,Boost ATK,750,1125,,,,Matching Sigil ,,,400,480,620,36,252,32,220,42,181,16,9,1,7,N,Single,0,1001,
Bandaged Sword,Cloud,,4,Mag.,Heal,All,Ally,[Buff] MDEF +,High,High,,,,,,,,,DMG +10%,Time +20%,DMG +30% (Ice),Boost HP,Boost Ice Resist.,6,6,14,,,,,,4,5,6,31,218,36,252,42,182,24,9,1,0,N,All,0,1025,
Zidane's Sword,Cloud,,4,Phys.,None,Single,Enemy,,,,,,,,,,,,DMG +20% (Phys.),DMG +20% (Phys.),△ Triangle Sigil +2,Boost PATK,Boost Phys. Ability Pot.,1300,1300,,,,,,,650,780,1140,39,273,31,218,38,165,24,9,3,25,N,Single,0,1029,
Holiday Cheer,Cloud,,4,Mag.,Earth,All,Enemy,,,,,,,,,,,,DMG +10%,DMG +10%,DMG +20% (Mag.),Boost MATK,Boost PDEF,290,290,,,,,,,210,240,280,29,201,31,214,41,175,16,6,5,31,N,All,0,1030,
Thousand Waves,Glenn,,4,Mag.,None,Single,Enemy,,,,,,,,,,,,DMG +10%,DMG +10%,DMG +20% (Mag.),Boost HP,Boost MDEF,560,560,,,,,,,400,460,540,27,189,27,191,36,153,16,4,1,32,N,Single,0,50018,
Personal Style,Glenn,,4,Phys.,None,Single,Enemy,,,,,,,,,,,,DMG +20% (Phys.),DMG +20% (Phys.),DMG +20% (Phys.),Boost HP,Boost Water Pot.,940,940,,,,,,,500,600,780,37,256,31,218,42,178,24,9,1,19,N,Single,0,50001,
Crewkicker,Glenn,,4,Phys.,Fire,Single,Enemy,,,,,,,,,,,,DMG +10%,DMG +10%,DMG +10%,Boost HP,Boost Fire Pot.,750,750,,,,,,,400,480,620,37,260,31,214,42,178,24,9,1,13,N,Single,0,50002,
Jiggy Fam,Glenn,,4,Mag.,Earth,All,Enemy,,,,,,,,,,,,DMG +20% (Mag.),DMG +20% (Mag.),△ Triangle Sigil +2,Boost MATK,Boost Earth Pot.,520,520,,,,,,,280,340,440,33,228,34,239,43,184,24,9,5,23,N,All,0,50003,
Hardcore Squad,Glenn,,5,Mag.,Heal,All,Ally,[Buff] PDEF +,Mid,Mid,Ally,[Buff] MDEF +,Mid,Mid,,,,,DMG +20% (Mag.),DMG +20% (Mag.),DMG +20% (Mag.),Boost HEAL,Boost Crit. Pot.,9,9,14,14,,,,,6,7,8,33,231,35,241,42,181,16,9,9,11,N,All,0,50004,
Rest in Peace,Glenn,◊ Diamond,4,Phys.,None,Single,Enemy,,,,,,,,,,,,DMG +10%,DMG +10%,DMG +10%,Boost ATK,Boost Wind Resist.,750,750,,,,,,,400,480,620,41,283,29,205,39,167,16,9,7,0,N,Single,0,50005,
Piece of Cake,Glenn,,4,Phys.,None,Single,Enemy,[Debuff] PDEF -,High,High,,,,,,,,,DMG +20% (Phys.),DMG +20% (Phys.),DMG +20% (Phys.),Boost PDEF,Boost Ice Resist.,510,510,25,,,,,,320,370,450,38,268,30,212,40,174,16,9,31,0,N,Single,0,50008,
Shockbuster,Glenn,,4,Mag.,Lightning,All,Enemy,,,,,,,,,,,,DMG +10%,DMG +10%,DMG +10%,Boost ATK,Boost Lightning Pot.,520,520,,,,,,,280,340,440,33,233,34,239,42,181,24,9,7,17,N,All,0,50010,
Apology in Hell,Glenn,,4,Phys.,None,Single,Enemy,,,,,,,,,,,,DMG +10%,DMG +10%,DMG +10%,Boost ATK,Boost Ice Resist.,940,940,,,,,,,500,600,780,36,249,32,225,42,178,24,9,7,0,N,Single,0,50011,
Inferno Grave,Glenn,,4,Mag.,Fire,Single,Enemy,,,,,,,,,,,,DMG +10%,DMG +10%,DMG +10%,Boost Ice Resist.,Boost ATK,450,450,,,,,,,320,370,430,30,212,31,215,38,165,24,6,0,7,N,Single,0,50015,
Pumpkin Lamppost,Glenn,,4,Mag.,Heal,Single,Ally,[Buff] PATK +,High,High,Ally,[Heal] Regen,x,x,,,,,DMG +10%,DMG +20% (Phys.),DMG +20% (Phys.),Boost PATK,Boost Ability Pot.,13,13,38,15,,,,,9,11,12,30,212,32,226,48,208,16,9,3,29,N,Single,0,50016,
Steiner's Blade,Glenn,,4,Phys.,None,Single,Enemy,[Debuff] PATK -,Low,Mid,,,,,,,,,DMG +10%,DMG +10%,DMG +20% (Phys.),Boost ATK,Boost Limit Break Pot.,360,360,28,,,,,,260,300,350,28,197,27,186,35,150,16,6,7,0,N,Single,0,50019,
V39,Lucia,,4,Phys.,None,All,Enemy,,,,,,,,,,,,DMG +20% (Phys.),DMG +20% (Phys.),DMG +30% (Ice),Boost ATK,Boost Fire Resist.,690,690,,,,,,,370,440,580,36,252,32,225,41,177,16,9,7,0,N,All,0,52001,
Pulse Gun,Lucia,,4,Mag.,Wind,All,Enemy,,,,,,,,,,,,DMG +10%,DMG +10%,◯ Circle Sigil +2,Boost ATK,Boost Wind Pot.,500,500,,,,,,,270,320,420,35,247,32,225,42,181,24,9,7,21,N,All,0,52002,
Serpent Eater,Lucia,,4,Phys.,Water,Single,Enemy,,,,,,,,,,,,DMG +10%,DMG +20% (Phys.),DMG +20% (Phys.),Boost HP,Boost Water Pot.,790,790,,,,,,,420,500,660,32,222,37,256,41,175,24,9,1,19,N,Single,0,52003,
Tranquilizer gun,Lucia,,5,Mag.,Heal,Single,Self,[Status Cleanse] Poison,x,x,Self,[Status Cleanse] Darkness,x,x,,,,,DMG +10%,DMG +10%,DMG +10%,Boost HEAL,Boost Ability Pot.,163,163,x,x,,,,,117,140,152,32,225,29,205,50,215,24,9,9,29,N,Single,0,52005,
SSR1976,Lucia,,4,Mag.,Heal,Single,Ally,[Buff] MDEF +,High,High,,,,,,,,,DMG +20% (Mag.),DMG +20% (Mag.),Time +20%,Boost HP,Boost Lightning Pot.,13,13,38,,,,,,9,11,12,32,220,38,262,40,172,16,12,1,17,N,Single,0,52006,
Mad Minute,Lucia,,4,Phys.,None,Single,Enemy,[Debuff] MATK -,High,High,,,,,,,,,DMG +20% (Phys.),DMG +20% (Phys.),DMG +20% (Phys.),Boost HP,Boost Phys. Ability Pot.,540,540,25,,,,,,340,390,480,35,243,32,226,42,182,16,12,1,25,N,Single,0,52007,
Black Rifle,Lucia,,4,Phys.,None,Single,Enemy,[Status Apply] Silence,30%,Chance,,,,,,,,,DMG +10%,DMG +10%,DMG +10%,Boost PATK,Boost Crit. Pot.,790,790,5,,,30% Rate,,,420,500,660,39,273,30,207,40,174,16,9,3,11,N,Single,0,52010,
Barn Swallow,Lucia,◊ Diamond,4,Phys.,None,Single,Enemy,,,,,,,,,,,,DMG +10%,DMG +10%,DMG +10%,Boost MATK,Boost Lightning Resist.,790,790,,,,,,,420,500,660,38,264,29,204,43,184,16,9,5,0,N,Single,0,52016,
Bald Eagle,Lucia,,4,Phys.,None,Single,Enemy,[Resist] Ice -,High,High,,,,,,,,,DMG +10%,DMG +20% (Phys.),DMG +30% (Ice),Boost PATK,Boost Ice Pot.,540,540,25,,,,,,340,390,480,38,264,29,199,44,188,32,9,3,15,N,Single,0,52009,
Rifle of Levin,Lucia,,4,Mag.,Lightning,Single,Enemy,,,,,,,,,,,,DMG +10%,DMG +20% (Mag.),DMG +20% (Mag.),Boost Water Resist.,Boost ATK,420,420,,,,,,,300,300,410,29,205,32,220,39,167,24,6,0,7,N,Single,0,52019,
Pumpkin Blaster,Lucia,,4,Mag.,Heal,Single,Ally,[Buff] MDEF +,Mid,High,,,,,,,,,DMG +10%,DMG +10%,DMG +20% (Mag.),Boost HEAL,Boost MDEF,13,13,38,,,,,,9,11,12,26,180,28,193,37,158,16,6,9,32,N,Single,0,52017,
Vivi's Magical Gun,Lucia,,4,Mag.,Fire,All,Enemy,,,High,,,,,,,,,DMG +10%,DMG +10%,DMG +20% (Mag.),Boost ATK,Boost Limit Break Pot.,290,290,38,,,,,,210,240,280,26,184,29,199,35,150,16,6,7,0,N,All,0,52021,
Holiday Revolver,Lucia,,4,Mag.,Earth,Single,Enemy,,,,,,,,,,,,DMG +20% (Mag.),DMG +20% (Mag.),◯ Circle Sigil +2,Boost MATK,Boost Earth Pot.,800,800,,,,,,,440,530,660,29,205,39,275,40,174,24,9,5,23,N,Single,0,52020,
Featherscatter,Lucia,,4,Mag.,None,Single,Enemy,[Debuff] PATK -,Low,Mid,,,,,,,,,DMG +10%,DMG +10%,DMG +20% (Mag.),Boost HP,Boost PDEF,360,360,28,,,,,,260,300,350,29,201,31,215,40,174,16,6,1,31,N,Single,0,52015,
Broadsword: Axis,Matt,,4,Phys.,None,Single,Enemy,,,,,,,,,,,,DMG +10%,DMG +10%,DMG +10%,Boost PATK,Boost Lightning Pot.,900,900,,,,,,,480,580,750,29,199,35,243,48,205,24,9,3,17,N,Single,0,51001,
Orthodox Raven,Matt,,4,Mag.,Water,All,Enemy,,,,,,,,,,,,DMG +20% (Mag.),DMG +20% (Mag.),DMG +20% (Mag.),Boost HP,Boost Water Pot.,540,540,,,,,,,290,350,450,29,205,36,254,44,191,24,9,1,19,N,All,0,51002,
Absolute Royal,Matt,,4,Mag.,Ice,All,Enemy,,,,,,,,,,,,DMG +20% (Mag.),DMG +20% (Mag.),✕ X Sigil +2,Boost MATK,Boost Ice Pot.,540,540,,,,,,,290,350,450,30,210,35,246,45,195,24,9,5,15,N,All,0,51003,
Prime Number,Matt,,5,Mag.,Heal,All,Ally,,,,,,,,,,,,DMG +20% (Mag.),DMG +20% (Mag.),Time +20%,Boost HEAL,Boost Lightning Resist.,74,74,,,,,,,53,63,69,30,207,31,215,51,220,16,9,9,0,N,All,0,51004,
Espee Rapiere Next-G,Matt,,5,Mag.,Heal,Single,Ally,,,,,,,,,,,,DMG +20% (Mag.),DMG +20% (Mag.),DMG +30% (Fire),Boost MDEF,Boost Mag. Ability Pot.,148,148,,,,,,,106,127,138,29,199,30,210,54,232,16,12,32,27,N,Single,0,51005,
Core Defender,Matt,,4,Mag.,Heal,All,Ally,[Buff] MDEF +,High,High,,,,,,,,,DMG +10%,DMG +10%,DMG +30% (Wind),Boost MATK,Boost Water Resist.,7,7,14,,,,,,5,6,7,28,197,39,273,42,182,16,9,5,0,N,All,0,51006,
Stingray,Matt,,4,Mag.,None,Single,Enemy,[Debuff] MDEF -,High,High,,,,,,,,,DMG +10%,DMG +10%,DMG +10%,Boost PATK,Boost Wind Resist.,540,540,25,,,,,,340,390,480,28,193,38,267,44,191,16,9,3,0,N,Single,0,51008,
Slick Beetle,Matt,,4,Phys.,None,Single,Enemy,[Debuff] PATK -,High,High,,,,,,,,,DMG +10%,DMG +10%,DMG +10%,Boost HP,Boost Crit. Pot.,480,480,25,,,,,,300,350,420,36,254,30,212,43,185,24,6,1,11,N,Single,0,51015,
Killer Hornet,Matt,◊ Diamond,4,Phys.,None,Single,Enemy,,,,,,,,,,,,DMG +10%,DMG +20% (Phys.),◯ Circle Sigil +2,Boost PATK,Boost Phys. Ability Pot.,720,720,,,,,,,380,460,590,38,267,32,225,38,165,24,9,3,25,N,Single,0,51009,
Holiday Cane,Matt,,4,Mag.,Earth,All,Enemy,,,,,,,,,,,,DMG +10%,DMG +10%,DMG +20% (Mag.),Boost MATK,Boost PDEF,290,290,,,,,,,210,240,280,29,199,31,215,41,175,16,6,5,31,N,All,0,51017,
Bramble Spine,Matt,,4,Mag.,Heal,Single,Ally,[Buff] PATK +,High,High,Ally,[Heal] Regen,x,x,,,,,DMG +20% (Phys.),DMG +20% (Phys.),All (Cure),Boost HEAL,Boost MDEF,13,13,38,15,,,,,9,11,12,29,199,37,260,44,191,24,9,9,32,N,Single,0,51010,
Bahamut Rapier,Matt,◊ Diamond,4,Mag.,None,Single,Enemy,,,,,,,,,,,,DMG +10%,DMG +10%,DMG +20% (Mag.),Boost MDEF,Boost MATK,450,450,,,,,,,320,370,430,27,189,32,226,41,175,24,6,32,5,N,Single,0,51016,
Giant Fork,Matt,,4,Mag.,Heal,Single,Ally,[Buff] PATK +,Low,Mid,Ally,[Heal] Regen,x,x,,,,,DMG +10%,DMG +10%,DMG +20% (Phys.),Boost HP,Boost PDEF,13,13,44,15,,,,,9,11,12,31,214,30,207,40,170,16,6,1,31,N,Single,0,51018,
Seaside Collar,Red XIII,,4,Phys.,None,Single,Enemy,[Resist] Thunder -,High,High,Self,[Heal] Regen,x,x,,,,,DMG +10%,DMG +10%,✕ X Sigil +2,Boost HP,Boost Lightning Pot.,510,510,21,3,,,,,320,370,450,35,246,32,226,42,181,24,9,1,17,N,Single,0,5028,
Sleek Collar,Red XIII,,4,Mag.,Heal,All,Ally,[Buff] MDEF +,High,High,,,,,,,,,DMG +10%,DMG +20% (Mag.),Time +20%,Boost MDEF,Boost Wind Resist.,6,6,14,,,,,,4,5,6,29,199,36,252,46,198,16,9,32,0,N,All,0,5001,
Gold Collar,Red XIII,,4,Mag.,None,All,Enemy,[Debuff] MDEF -,Mid,Mid,,,,,,,,,DMG +10%,DMG +10%,DMG +20% (Mag.),Boost MATK,Boost Earth Resist.,350,350,25,,,,,,220,250,310,29,201,32,222,51,220,16,9,5,0,N,All,0,5005,
Platinum Collar,Red XIII,,5,Mag.,Heal,All,Ally,[Heal] Regen,x,x,,,,,,,,,DMG +10%,DMG +20% (Mag.),Time +20%,Boost HEAL,Boost Crit. Pot.,11,11,18,,,,,,8,9,10,28,193,41,283,41,177,16,9,9,11,N,All,0,5009,
Noble Collar,Red XIII,,4,Mag.,Water,All,Enemy,,,,,,,,,,,,DMG +10%,DMG +20% (Mag.),△ Triangle Sigil +2,Boost ATK,Boost Water Pot.,520,520,,,,,,,280,340,440,27,189,38,268,45,192,24,9,7,19,N,All,0,5016,
Rage Collar,Red XIII,,4,Phys.,Fire,Single,Enemy,,,,,,,,,,,,DMG +10%,DMG +10%,DMG +10%,Boost ATK,Boost Fire Pot.,750,750,,,,,,,400,480,620,28,197,37,257,45,195,32,6,7,13,N,Single,0,5018,
Leather Collar,Red XIII,,4,Phys.,None,Single,Enemy,,,,,,,,,,,,DMG +20% (Phys.),DMG +20% (Phys.),Heal +20%,Boost HP,Boost Earth Pot.,940,940,,,,,,,500,600,780,36,252,32,222,42,178,24,9,1,23,N,Single,0,5019,
Rubber Collar,Red XIII,,5,Mag.,Heal,Single,Ally,,,,,,,,,,,,DMG +10%,DMG +10%,DMG +20% (Mag.),Boost PDEF,Boost Limit Break Pot.,113,113,,,,,,,81,97,105,28,194,32,225,52,223,16,12,31,0,N,Single,0,5020,
Junk Collar,Red XIII,,4,Phys.,None,Single,Enemy,[Debuff] MATK -,High,High,,,,,,,,,DMG +10%,DMG +20% (Phys.),DMG +20% (Phys.),Boost PDEF,Boost Fire Resist.,510,510,25,,,,,,320,370,450,35,246,32,225,42,182,16,9,31,0,N,Single,0,5021,
Iron Collar,Red XIII,,4,Mag.,None,Single,Enemy,[Debuff] PDEF -,Low,Mid,,,,,,,,,DMG +10%,DMG +10%,DMG +20% (Phys.),Boost ATK,Boost Crit. Pot.,360,360,28,,,,,,260,300,350,29,205,31,215,40,170,16,6,7,11,N,Single,0,5026,
Hell House Collar,Red XIII,,4,Mag.,None,Single,Enemy,[Debuff] MDEF -,Low,Mid,,,,,,,,,DMG +10%,DMG +10%,DMG +20% (Mag.),Boost HP,Boost PDEF,360,360,28,,,,,,260,300,350,29,204,32,220,39,168,16,6,1,31,N,Single,0,5031,
Flame Dragon's Band,Red XIII,,4,Mag.,None,Single,Enemy,[Resist] Fire -,Mid,Mid,,,,,,,,,DMG +10%,DMG +10%,DMG +20% (Mag.),Boost Ice Resist.,Boost HP,360,360,28,,,,,,260,300,350,28,194,34,235,38,164,24,6,0,1,N,Single,0,5032,
Edged Wings,Sephiroth,,4,Mag.,Ice,Single,Enemy,,,,,,,,,,,,DMG +10%,DMG +20% (Mag.),✕ X Sigil +2,Boost MATK,Boost Ice Pot.,800,800,,,,,,,440,530,660,32,225,38,267,38,165,24,9,5,15,N,Single,0,49002,
Nameless,Sephiroth,,2,Phys.,None,Single,Enemy,[Debuff] MDEF -,Mid,Mid,,,,,,,,,DMG +10%,DMG +10%,DMG +20% (Phys.),Boost HP,Boost Lightning Resist.,240,240,14,,,,,,150,170,210,37,260,33,228,39,167,24,9,1,0,N,Single,0,49001,
Glaireid,Sephiroth,,4,Phys.,None,All,Enemy,,,,,,,,,,,,DMG +10%,DMG +10%,DMG +30% (Earth),Boost PATK,Boost Limit Break Pot.,650,650,,,,,,,350,420,550,38,262,31,214,41,177,24,12,3,0,N,All,0,49003,
Aonibi,Sephiroth,,4,Mag.,Heal,Single,Self,[Buff] MATK +,High,High,Self,[Heal] Regen,x,x,,,,,DMG +10%,DMG +10%,Heal +20%,Boost HP,Boost Ability Pot.,15,15,44,15,,,,,11,13,14,31,215,32,222,48,208,16,9,1,29,N,Single,0,49004,
Northern Lights,Sephiroth,,4,Phys.,None,Single,Enemy,[Debuff] PATK -,High,High,,,,,,,,,DMG +10%,DMG +10%,DMG +20% (Phys.),Boost MDEF,Boost Fire Resist.,510,510,25,,,,,,320,370,450,36,249,31,214,44,188,16,9,32,0,N,Single,0,49005,
Prototype Crimson Blade,Sephiroth,,4,Mag.,Fire,All,Enemy,,,,,,,,,,,,DMG +10%,DMG +20% (Mag.),DMG +20% (Mag.),Boost ATK,Boost Fire Pot.,520,520,,,,,,,280,340,440,32,220,37,260,40,174,24,9,7,13,N,All,0,49006,
CC Alloy Sword,Sephiroth,,4,Mag.,Lightning,All,Enemy,,,,,,,,,,,,DMG +10%,DMG +10%,DMG +20% (Mag.),Boost MATK,Boost Lightning Pot.,520,520,,,,,,,280,340,440,32,226,37,256,40,172,16,12,5,17,N,All,0,49007,
Mythril Type-0 Katana,Sephiroth,,4,Phys.,Heal,Single,Self,[Buff] PDEF +,High,High,Self,[Heal] Regen,x,x,,,,,DMG +10%,DMG +10%,DMG +20% (Mag.),Boost HP,Boost Mag. Ability Pot.,15,15,44,15,,,,,11,13,14,30,212,32,220,50,213,24,9,1,27,N,Single,0,49008,
Shinra Blade: Model I,Sephiroth,,4,Mag.,None,Single,Enemy,,,,,,,,,,,,DMG +20% (Mag.),DMG +20% (Mag.),DMG +30% (Water),Boost ATK,Boost Ability Pot.,940,940,,,,,,,500,600,780,33,228,37,257,39,168,24,9,7,29,N,Single,0,49009,
Torn Wing,Sephiroth,,4,Mag.,Heal,Single,Ally,[Buff] PDEF +,Mid,High,,,,,,,,,DMG +10%,DMG +10%,Heal +20%,Boost ATK,Boost PDEF,13,13,38,,,,,,9,11,12,29,204,30,207,42,178,16,6,7,31,N,Single,0,49012,
Dark Heavens,Sephiroth,,4,Phys.,Wind,Single,Enemy,,,,,,,,,,,,DMG +20% (Phys.),DMG +20% (Phys.),◯ Circle Sigil +2,Boost PATK,Boost Wind Pot.,800,800,,,,,,,440,530,660,37,260,30,212,42,181,24,9,3,21,N,Single,0,49015,
Kuja's Spirit Blade,Sephiroth,,4,Mag.,None,All,Enemy,[Debuff] MATK -,Mid,High,Enemy,[Debuff] PATK - (while Self HP >= 50%),Mid,High,,,,,DMG +20% (Mag.),DMG +20% (Mag.),△ Triangle Sigil +2,Boost MATK,Boost Ability Pot.,540,540,30,30,,,Self HP >= 50%,,340,390,480,30,212,38,264,41,177,24,6,5,29,N,All,0,49016,
Flame Dragon Blade,Sephiroth,,4,Mag.,None,Single,Enemy,[Resist] Fire -,Mid,Mid,,,,,,,,,DMG +10%,DMG +10%,DMG +20% (Mag.),Boost Ice Resist.,Boost MDEF,360,360,28,,,,,,260,300,350,29,199,32,226,39,167,24,6,0,32,N,Single,0,49019,
Motor Drive,Tifa,,4,Phys.,Wind,Single,Enemy,,,,,,,,,,,,DMG +20% (Phys.),DMG +20% (Phys.),DMG +20% (Phys.),Boost PATK,Boost Wind Pot.,790,790,,,,,,,420,500,660,36,254,32,222,41,177,32,6,3,21,N,Single,0,3011,
Sonic Striker,Tifa,,4,Phys.,None,Single,Enemy,,,,,,,,,,,,DMG +10%,DMG +10%,DMG +20% (Phys.),Boost ATK,Boost Water Resist.,990,990,,,,,,,530,640,830,37,256,32,220,41,177,16,9,7,0,N,Single,0,3006,
Lifeguard Wraps,Tifa,,4,Mag.,Heal,All,Ally,,,,,,,,,,,,DMG +10%,DMG +20% (Mag.),Heal +20%,Boost HEAL,Boost Fire Resist.,54,54,,,,,,,38,46,49,32,220,33,231,46,198,16,9,9,0,N,All,0,3019,
Leather Gloves,Tifa,,4,Phys.,None,Single,Enemy,[Debuff] PATK -,High,High,,,,,,,,,DMG +20% (Phys.),DMG +20% (Phys.),DMG +30% (Fire),Boost PDEF,Boost Lightning Resist.,540,540,25,,,,,,340,390,480,34,236,34,236,42,178,16,9,31,0,N,Single,0,3001,
Grand Gloves,Tifa,,5,Phys.,Heal,Single,Self,[Status Cleanse] Silence,x,x,Self,[Status Cleanse] Poison,x,x,,,,,DMG +10%,DMG +20% (Mag.),DMG +30% (Water),Boost HEAL,Boost Water Pot.,130,130,x,x,,,,,93,112,121,31,215,31,214,50,215,24,12,9,19,N,Single,0,3005,
Tiger Fangs,Tifa,,4,Phys.,None,Single,Enemy,[Debuff] MATK -,High,High,,,,,,,,,DMG +10%,DMG +20% (Phys.),DMG +20% (Phys.),Boost MATK,Boost Crit. Pot.,540,540,25,,,,,,340,390,480,39,273,31,215,39,167,16,9,5,11,N,Single,0,3007,
Crystal Gloves,Tifa,,4,Mag.,Lightning,All,Enemy,,,,,,,,,,,,DMG +20% (Mag.),DMG +20% (Mag.),✕ X Sigil +2,Boost HP,Boost Lightning Pot.,500,500,,,,,,,270,320,420,32,225,37,256,40,174,32,9,1,17,N,All,0,3010,
Kaiser Knuckles,Tifa,,4,Mag.,None,Single,Enemy,[Debuff] MDEF -,High,High,,,,,,,,,DMG +10%,DMG +10%,DMG +20% (Mag.),Boost MDEF,Boost Ice Resist.,480,480,25,,,,,,300,350,420,31,214,39,273,39,168,16,9,32,0,N,Single,0,3013,
Powersoul,Tifa,,4,Mag.,None,Single,Enemy,,,,,,,,,,,,DMG +10%,DMG +20% (Mag.),DMG +20% (Mag.),Boost HP,Boost Mag. Ability Pot.,900,900,,,,,,,480,580,750,33,228,38,267,38,161,24,9,1,27,N,Single,0,3015,
Amarant's Claws,Tifa,,4,Phys.,None,Single,Enemy,[Debuff] MATK - (while Self HP >= 50%),Mid,High,Self,[Buff] PATK +,High,High,,,,,DMG +20% (Phys.),DMG +20% (Phys.),DMG +20% (Phys.),Boost HP,Boost Phys. Ability Pot.,720,720,30,40,,Self HP >= 50%,,,360,430,630,38,268,32,220,39,167,24,9,1,25,N,Single,0,3027,
Holy Flame Gloves,Tifa,,4,Phys.,Ice,Single,Enemy,,,,,,,,,,,,DMG +20% (Phys.),DMG +20% (Phys.),◯ Circle Sigil +2,Boost PATK,Boost Ice Pot.,800,800,,,,,,,440,530,660,40,278,29,201,40,174,24,9,3,15,N,Single,0,3025,
Bahamut Knuckles,Tifa,◊ Diamond,4,Mag.,None,Single,Enemy,,,,,,,,,,,,DMG +10%,DMG +10%,DMG +20% (Mag.),Boost MDEF,Boost HP,450,450,,,,,,,320,370,430,30,207,32,225,38,161,24,6,32,1,N,Single,0,3024,
Oven Mitts,Tifa,,4,Mag.,Heal,Single,Ally,[Buff] PATK +,Low,Mid,Ally,[Heal] Regen,x,x,,,,,DMG +10%,DMG +10%,DMG +20% (Phys.),Boost HP,Boost PDEF,13,13,44,15,,,,,9,11,12,32,222,30,212,37,160,16,6,1,31,N,Single,0,3029,
4-Point Shuriken,Yuffie,,4,Phys.,None,All,Enemy,[Debuff] PATK -,Mid,Mid,,,,,,,,,DMG +10%,DMG +20% (Phys.),DMG +20% (Phys.),Boost HP,Buff/Debuff Extension,350,350,25,,,,,,220,250,310,36,249,31,218,43,184,24,9,1,34,N,All,0,6001,
Boomerang,Yuffie,,4,Phys.,None,Single,Enemy,[Resist] Fire -,High,High,,,,,,,,,DMG +20% (Phys.),DMG +20% (Phys.),DMG +20% (Phys.),Boost PATK,Boost Fire Pot.,510,510,25,,,,,,320,370,450,38,267,29,205,42,181,24,9,3,13,N,Single,0,6002,
Pinwheel,Yuffie,,4,Phys.,None,Single,Enemy,[Resist] Ice -,High,High,,,,,,,,,DMG +20% (Phys.),DMG +20% (Phys.),DMG +20% (Phys.),Boost HP,Boost Ice Pot.,510,510,25,,,,,,320,370,450,35,247,32,220,43,184,24,9,1,15,N,Single,0,6003,
Razor Ring,Yuffie,,4,Mag.,Earth,All,Enemy,,,,,,,,,,,,DMG +10%,DMG +20% (Mag.),DMG +20% (Mag.),Boost MATK,Boost Earth Pot.,520,520,,,,,,,280,340,440,33,228,37,256,40,170,16,12,5,23,N,All,0,6004,
Crystal Cross,Yuffie,,4,Mag.,Heal,Single,Ally,[Buff] MATK +,High,High,Ally,[Heal] Regen,x,x,,,,,DMG +10%,DMG +20% (Mag.),DMG +20% (Mag.),Boost MATK,Boost Ability Pot.,13,13,38,15,,,,,9,11,12,30,212,37,256,43,184,24,9,5,29,N,Single,0,6006,
Wind Slash,Yuffie,,4,Phys.,None,Single,Enemy,[Resist] Thunder -,High,High,,,,,,,,,DMG +20% (Phys.),DMG +20% (Phys.),DMG +30% (Light.),Boost PATK,Buff/Debuff Extension,510,510,25,,,,,,320,370,450,37,260,31,218,41,175,24,9,3,34,N,Single,0,6007,
Twin Viper,Yuffie,,4,Phys.,None,Single,Enemy,[Status Apply] Poison,70%,Chance,,,,,,,,,DMG +10%,DMG +20% (Phys.),DMG +20% (Mag.),Boost ATK,Boost Limit Break Pot.,510,510,30,,,70% Rate,,,320,370,450,38,267,29,204,42,182,24,9,7,0,N,Single,0,6008,
Spiral Shuriken,Yuffie,,4,Phys.,Ice,Single,Enemy,,,,,,,,,,,,DMG +10%,DMG +20% (Phys.),DMG +20% (Phys.),Boost PATK,Boost Ice Pot.,800,800,,,,,,,440,530,660,39,275,30,212,39,168,24,9,3,15,N,Single,0,6009,
Magic Shuriken,Yuffie,,4,Phys.,Wind,All,Enemy,,,,,,,,,,,,DMG +10%,DMG +20% (Phys.),DMG +20% (Phys.),Boost ATK,Boost Wind Pot.,520,520,,,,,,,280,340,440,38,262,32,225,39,168,24,9,7,21,N,All,0,6010,
Beach Parasol,Zack,,4,Mag.,None,Single,Enemy,,,,,,,,,,,,DMG +10%,DMG +10%,DMG +20% (Mag.),Boost HP,Boost MDEF,560,560,,,,,,,400,460,540,26,183,28,193,36,157,16,4,1,32,N,Single,0,20003,
Type-99 Longsword,Zack,◯ Circle,4,Phys.,None,Single,Enemy,,,,,,,,,,,,DMG +20% (Phys.),DMG +20% (Phys.),DMG +20% (Phys.),Boost ATK,Boost Crit. Pot.,750,750,,,,,,,400,480,620,36,252,30,210,44,189,16,9,7,11,N,Single,0,20001,
Enhance Sword (Z),Zack,,5,Mag.,Heal,Single,Ally,,,,,,,,,,,,DMG +10%,DMG +20% (Mag.),DMG +30% (Light.),Boost HEAL,Boost Ability Pot.,141,141,,,,,,,101,121,131,33,233,34,236,42,182,16,12,9,29,N,Single,0,20004,
Defender,Zack,,4,Mag.,Heal,Single,Ally,[Buff] PDEF +,High,High,Ally,[Heal] Regen,x,x,,,,,DMG +10%,DMG +20% (Mag.),Time +20%,Boost HEAL,Boost Ice Pot.,13,13,38,9,,,,,9,11,12,36,252,27,189,48,206,16,12,9,15,N,Single,0,20005,
Crystal Sword (Z),Zack,,4,Mag.,Fire,All,Enemy,,,,,,,,,,,,DMG +20% (Mag.),DMG +20% (Mag.),◯ Circle Sigil +2,Boost ATK,Boost Fire Pot.,520,520,,,,,,,280,340,440,30,207,30,212,52,223,16,12,7,13,N,All,0,20006,
Falchion,Zack,,4,Phys.,Wind,All,Enemy,,,,,,,,,,,,DMG +10%,DMG +10%,DMG +20% (Phys.),Boost PATK,Boost Wind Pot.,520,520,,,,,,,280,340,440,35,247,29,204,46,198,24,9,3,21,N,All,0,20007,
Zweihander,Zack,,4,Phys.,None,Single,Enemy,,,,,,,,,,,,DMG +10%,DMG +20% (Phys.),Heal +20%,Boost ATK,Boost Fire Resist.,940,940,,,,,,,500,600,780,39,273,29,199,42,181,24,9,7,0,N,Single,0,20008,
Arc Sword,Zack,,4,Mag.,None,Single,Enemy,[Debuff] MDEF -,High,High,,,,,,,,,DMG +20% (Mag.),DMG +20% (Mag.),DMG +20% (Mag.),Boost MATK,Boost Water Resist.,510,510,25,,,,,,320,370,450,30,212,38,262,42,178,16,9,5,0,N,Single,0,20009,
Cutlass,Zack,,4,Phys.,None,Single,Enemy,[Debuff] PDEF -,High,High,,,,,,,,,DMG +10%,DMG +20% (Phys.),DMG +20% (Phys.),Boost PDEF,Boost Ability Pot.,510,510,25,,,,,,320,370,450,34,235,32,225,44,191,16,12,31,29,N,Single,0,20010,
Ifrit's Sword,Zack,,4,Mag.,Fire,Single,Enemy,,,,,,,,,,,,DMG +10%,DMG +20% (Mag.),DMG +20% (Mag.),Boost Ice Resist.,Boost HP,450,450,,,,,,,320,370,430,29,205,30,212,40,174,24,6,0,1,N,Single,0,20016,
Black Whiskers,Zack,,4,Phys.,None,Single,Enemy,[Debuff] PDEF -,Mid,Mid,Enemy,[Resist] Water -,Mid,High,,,,,DMG +20% (Phys.),DMG +30% (Water),△ Triangle Sigil +2,Boost PATK,Boost Water Pot.,540,540,30,30,,,,,340,390,480,38,262,29,201,44,188,32,9,3,19,N,Single,0,20019,
Iron Greatsword,Zack,,4,Mag.,None,Single,Enemy,[Debuff] PDEF -,Low,Mid,,,,,,,,,DMG +10%,DMG +10%,DMG +20% (Phys.),Boost ATK,Boost Crit. Pot.,360,360,28,,,,,,260,300,350,29,204,31,214,40,174,16,6,7,11,N,Single,0,20015,
Twinkling Star,Zack,,4,Phys.,None,Single,Enemy,[Debuff] MATK -,Mid,High,Enemy,[Debuff] PDEF - (while Self HP >= 50%),Mid,High,,,,,DMG +20% (Phys.),DMG +20% (Phys.),All (Cure),Boost HP,Boost Phys. Ability Pot.,540,540,30,30,,,Self HP >= 50%,,340,390,480,37,257,29,201,44,191,24,9,1,25,N,Single,0,20018,
Skysplitter,Cloud,,4,Phys.,Fire,Single,Enemy,,,,,,,,,,,,DMG +20% (Phys.),DMG +20% (Phys.),✕ X Sigil +2,Boost PATK,Boost Fire Pot.,850,850,,,,,,,480,580,710,40,281,29,205,39,168,24,9,3,13,N,Single,0,1028,
Radiant Edge,Sephiroth,,4,Phys.,None,Single,Enemy,[Debuff] PDEF -,Mid,Mid,Enemy,[Resist] Fire - (while Self HP >= 50%),High,High,,,,,DMG +20% (Phys.),DMG +30% (Fire),✕ X Sigil +2,Boost PATK,Boost Fire Pot.,540,540,30,30,,,Self HP >= 50%,,340,390,480,39,273,30,212,40,170,32,9,3,13,N,Single,0,49017,
Dawn's Prayers,Aerith,,4,Mag.,None,Single,Enemy,[Debuff] PDEF -,Low,Mid,,,,,,,,,DMG +10%,DMG +10%,DMG +20% (Mag.),Boost PDEF,Boost MDEF,360,360,28,,,,,,260,300,350,29,204,30,212,41,175,16,6,31,32,N,Single,0,4024,
Best Wishes,Glenn,,4,Mag.,None,Single,Enemy,[Debuff] PDEF -,Low,Mid,,,,,,,,,DMG +10%,DMG +10%,DMG +20% (Mag.),Boost PDEF,Boost MDEF,360,360,28,,,,,,260,300,350,29,204,31,215,40,172,16,6,31,32,N,Single,0,50021,
Arctic Star,Yuffie,,4,Mag.,Heal,Single,Ally,[Buff] PATK +,High,High,Self,[Buff] PATK +,Mid,High,,,,,DMG +10%,DMG +20% (Phys.),DMG +20% (Phys.),Boost PATK,Buff/Debuff Extension,13,13,30,30,,,,,9,11,12,39,270,30,207,41,175,24,9,3,34,N,Single,0,6015,
Ultimatic,Glenn,◯ Circle,4,Phys.,None,Single,Enemy,,,,,,,,,,,,DMG +10%,DMG +20% (Phys.),✕ X Sigil +2,Boost ATK,Boost Phys. Ability Pot.,1040,1040,,,,,,,520,620,910,39,275,29,199,42,178,32,9,7,25,N,Single,0,50007,
Thunderbird,Lucia,,4,Mag.,Lightning,Single,Enemy,[Debuff] MDEF -,Mid,High,,,,,,,,,DMG +20% (Mag.),DMG +20% (Mag.),◯ Circle Sigil +2,Boost MATK,Boost Lightning Pot.,540,540,30,,,,,,340,390,480,29,205,40,281,39,168,32,9,5,17,N,Single,0,52004,
Canyon Collar,Red XIII,,4,Mag.,Wind,All,Enemy,[Debuff] MDEF - (while Self HP >= 50%),Mid,High,,,,,,,,,DMG +20% (Mag.),DMG +20% (Mag.),◯ Circle Sigil +2,Boost MATK,Boost Wind Pot.,500,500,30,,,Self HP >= 50%,,,270,320,420,29,204,40,281,40,170,32,9,5,21,N,All,0,5023,
Diner Tray,Yuffie,,4,Phys.,Wind,Single,Enemy,,,,,,,,,,,,DMG +10%,DMG +20% (Phys.),DMG +20% (Phys.),Boost PATK,Boost Wind Pot.,850,850,,,,,,,480,580,710,38,267,29,204,42,182,24,9,3,21,N,Single,0,6014,
Floral Wand,Aerith,,3,Phys.,None,Single,Enemy,[Debuff] PDEF -,Mid,Mid,Enemy,[Resist] Wind - (while Self HP >= 50%),High,High,,,,,DMG +20% (Phys.),DMG +30% (Wind),All (Cure),Boost ATK,Boost Wind Pot.,420,420,24,24,,,Self HP >= 50%,,260,300,360,39,275,27,186,44,189,32,9,7,21,N,Single,0,4015,
Guide Gloves,Tifa,,4,Phys.,None,Single,Enemy,,,,,,,,,,,,DMG +20% (Phys.),DMG +30% (Fire),✕ X Sigil +2,Boost PATK,Boost Phys. Ability Pot.,1300,1300,,,,,,,650,780,1140,38,262,31,214,41,177,16,12,3,25,N,Single,0,3031,
Ceremonial Sword (Z),Zack,,5,Phys.,None,Single,Enemy,,,,Self,[Buff] PATK +,High,High,,,,,DMG +20% (Phys.),DMG +20% (Phys.),◯ Circle Sigil +2,Boost PATK,Boost Phys. Ability Pot.,1400,1400,,35,,,,,700,840,1220,39,275,28,193,43,184,24,9,3,25,N,Single,0,20011,
Centipede,Matt,,5,Mag.,Heal,All,Ally,[Buff] PDEF +,Mid,High,,,,,,,,,DMG +20% (Mag.),DMG +20% (Mag.),Heal +20%,Boost HEAL,Buff/Debuff Extension,59,59,14,,,,,,42,50,54,29,205,30,207,53,229,32,6,9,34,N,All,0,51007,
Igneous Saber,Cloud,,4,Mag.,Fire,All,Enemy,,,,,,,,,,,,DMG +10%,DMG +10%,DMG +20% (Mag.),Boost MATK,Boost MDEF,290,290,,,,,,,210,240,280,28,197,31,218,41,175,16,6,5,32,N,All,0,1032,
Ashura,Sephiroth,,4,Mag.,Fire,All,Enemy,,,,,,,,,,,,DMG +10%,DMG +10%,DMG +20% (Mag.),Boost MATK,Boost MDEF,290,290,,,,,,,210,240,280,29,204,31,218,40,170,16,6,5,32,N,All,0,49020,
Stream Saber,Cloud,,4,Phys.,Ice,Single,Enemy,,,,,,,,,,,,DMG +20% (Phys.),DMG +20% (Phys.),◯ Circle Sigil +2,Boost PATK (All),Boost Ice Pot.,900,900,,,,,,,500,600,740,41,283,29,204,39,168,24,9,38,15,N,Single,0,1031,
Stream Slasher,Glenn,,4,Phys.,Water,Single,Enemy,,,,,,,,,,,,DMG +20% (Phys.),DMG +20% (Phys.),◯ Circle Sigil +2,Boost PATK (All),Boost Water Pot.,900,900,,,,,,,500,600,740,40,281,31,214,38,161,24,9,38,19,N,Single,0,50020,
Protector's Blade,Sephiroth,,4,Mag.,None,All,Enemy,[Unique] DMG+ Single Target ,1.3x,,,,,,,,,,DMG +20% (Mag.),DMG +20% (Mag.),◯ Circle Sigil +2,Boost MATK (All),Boost Mag. Ability Pot.,900,1170,,,,Single Target ,,,500,600,740,29,201,40,278,40,174,24,9,40,27,N,All,0,49018,
Stream Guard,Zack,,4,Mag.,Fire,Single,Enemy,[Unique] DMG+ (while Self HP >= 70%),1.2x,,,,,,,,,,DMG +20% (Mag.),DMG +20% (Mag.),✕ X Sigil +2,Boost MATK (All),Boost Fire Pot.,850,1020,,,,Self HP >= 70%,,,480,580,710,30,207,40,277,40,170,24,6,40,13,N,Single,0,20020,
Chariot Wheel,Yuffie,,4,Mag.,Water,All,Enemy,,,,,,,,,,,,DMG +10%,DMG +20% (Mag.),DMG +20% (Mag.),Boost MATK,Boost Water Pot.,290,290,,,,,,,210,240,280,30,207,30,212,40,172,16,6,5,19,N,All,0,6022,
Siege Cannon,Barret,,4,Mag.,Water,All,Enemy,,,,,,,,,,,,DMG +10%,DMG +20% (Mag.),DMG +20% (Mag.),Boost MATK,Boost Water Pot.,290,290,,,,,,,210,240,280,29,199,31,215,41,175,16,6,5,19,N,All,0,2025,
Egg Staff,Aerith,,4,Mag.,Fire,All,Enemy,[Unique] DMG+ Single Target ,1.3x,,,,,,,,,,DMG +20% (Mag.),DMG +20% (Mag.),All (Cure),Boost HP,Boost Fire Pot.,630,819,,,,Single Target ,,,340,410,530,27,191,40,278,42,182,24,9,1,13,N,All,0,4023,
Rose Musket,Lucia,,4,Mag.,Fire,Single,Enemy,[Debuff] MDEF - (while Self HP >= 50%),High,High,,,,,,,,,DMG +20% (Mag.),DMG +20% (Mag.),△ Triangle Sigil +2,Boost Mag. Ability Pot.,Boost Fire Pot.,620,620,30,,,Self HP >= 50%,,,390,450,550,30,210,39,275,40,170,24,9,27,13,N,Single,0,52022,
Carrot Sword,Zack,,4,Mag.,Fire,All,Enemy,,,,,,,,,,,,DMG +20% (Mag.),DMG +20% (Mag.),DMG +20% (Mag.),Boost MATK,Boost Fire Pot.,290,290,,,,,,,210,240,280,28,197,32,225,40,170,16,6,5,13,N,All,0,20024,
Bunny Gloves,Tifa,,4,Mag.,Water,Single,Enemy,,,,Self,[Buff] MATK + (while Self HP >= 50%),Low,High,,,,,DMG +20% (Mag.),DMG +20% (Mag.),✕ X Sigil +2,Boost MATK,Boost Water Pot.,850,850,,35,,,Self HP >= 50%,,480,580,710,30,207,40,281,39,167,24,6,5,19,N,Single,0,3028,
Flower Vase,Cait Sith,,4,Mag.,Heal,Single,Ally,[Buff] MATK +,High,High,Ally,[Buff] Haste (%); [Heal] Regen,20%,x,,,,,DMG +20% (Mag.),DMG +20% (Mag.),DMG +20% (Mag.),Boost MATK,Boost Mag. Ability Pot.,13,13,38,20,,,20% Rate,,9,11,12,30,212,31,218,50,215,32,9,5,27,N,Single,0,7022,
Yellow Megaphone,Cait Sith,,5,Phys.,None,Single,Enemy,[Unique] DMG+ On Critical ,3.0x,,,,,,,,,,DMG +10%,DMG +20% (Phys.),DMG +20% (Phys.),Boost ATK,Boost Ability Pot.,700,2100,,,,On Critical ,,,380,460,590,39,275,31,215,38,165,24,9,7,29,N,Single,0,7001,
Green Megaphone,Cait Sith,,4,Mag.,Water,Single,Enemy,[Resist] Water - (while Self HP >= 50%),High,High,,,,,,,,,DMG +20% (Mag.),DMG +20% (Mag.),◯ Circle Sigil +2,Boost MATK,Boost Water Pot.,620,620,30,,,Self HP >= 50%,,,390,450,550,32,222,40,277,37,158,24,9,5,19,N,Single,0,7002,
Blue Megaphone,Cait Sith,,4,Mag.,Ice,All,Enemy,,,,,,,,,,,,DMG +10%,DMG +20% (Mag.),DMG +20% (Mag.),Boost HP,Boost Ice Pot.,520,520,,,,,,,280,340,440,31,214,38,267,40,174,24,9,1,15,N,All,0,7003,
Red Megaphone,Cait Sith,,4,Mag.,Fire,All,Enemy,,,,,,,,,,,,DMG +10%,DMG +20% (Mag.),DMG +20% (Mag.),Boost HP,Boost Fire Pot.,520,520,,,,,,,280,340,440,31,215,38,262,41,175,24,9,1,13,N,All,0,7004,
Crystal Megaphone,Cait Sith,,4,Mag.,Heal,Single,Ally,[Buff] PDEF +,High,High,Ally,[Heal] Regen,x,x,,,,,DMG +20% (Mag.),DMG +20% (Mag.),DMG +20% (Mag.),Boost ATK,Boost Mag. Ability Pot.,13,13,38,15,,,,,9,11,12,30,207,31,218,51,219,24,9,7,27,N,Single,0,7005,
Silver Megaphone,Cait Sith,,4,Phys.,None,Single,Enemy,[Debuff] PDEF -,Low,Low,Enemy,[Debuff] PDEF - (on Critical DMG),High,High,,,,,DMG +10%,DMG +10%,DMG +10%,Boost HP,Boost Ability Pot.,510,510,30,30,,,on Critical DMG,,320,370,450,33,233,33,228,44,189,24,9,1,29,N,Single,0,7008,
Gold Megaphone,Cait Sith,,4,Phys.,None,Single,Enemy,[Resist] Fire -,High,High,Enemy,[Debuff] MATK - (on Critical DMG),High,High,,,,,DMG +10%,DMG +20% (Phys.),DMG +20% (Phys.),Boost PATK,Boost Fire Pot.,510,510,25,60,,,on Critical DMG,,320,370,450,34,236,33,231,43,184,24,9,3,13,N,Single,0,7009,
Battle Trumpet,Cait Sith,,4,Phys.,None,All,Enemy,[Debuff] MATK -,Mid,Mid,Enemy,[Debuff] PATK - (on Critical DMG),High,High,,,,,DMG +10%,DMG +10%,DMG +20% (Phys.),Boost PATK,Boost Ability Pot.,350,350,25,60,,,on Critical DMG,,220,250,310,35,246,33,228,42,178,24,9,3,29,N,All,0,7010,
Marching Horn,Cait Sith,,4,Mag.,Heal,Single,Ally,[Buff] PATK +,High,High,Ally,[Heal] Regen,x,x,,,,,DMG +20% (Phys.),DMG +20% (Phys.),DMG +20% (Phys.),Boost HEAL,Buff/Debuff Extension,13,13,38,15,,,,,9,11,12,35,247,30,212,44,191,32,6,9,34,N,Single,0,7014,
Egg Collar,Red XIII,,4,Mag.,Fire,All,Enemy,,,,,,,,,,,,DMG +20% (Mag.),DMG +20% (Mag.),DMG +20% (Mag.),Boost MATK,Boost Fire Pot.,290,290,,,,,,,210,240,280,28,194,31,218,41,177,16,6,5,13,N,All,0,5033,
Electrocannon,Barret,,4,Mag.,Lightning,All,Enemy,[Debuff] PATK -,Mid,High,Enemy,[Debuff] MATK - (while Self HP >= 50%),Mid,Mid,,,,,DMG +10%,DMG +20% (Mag.),◯ Circle Sigil +2,Boost MATK,Boost Mag. Ability Pot.,540,540,30,30,,,Self HP >= 50%,,340,390,480,31,214,40,277,38,165,24,12,5,27,N,All,0,2017,
Ivy Collar,Red XIII,,3,Phys.,None,Single,Enemy,[Resist] Fire -,High,High,Enemy,[Resist] Ice -,High,High,,,,,DMG +10%,DMG +30% (Ice),DMG +30% (Fire),Boost ATK,Boost Ability Pot.,420,420,24,24,,,,,260,300,360,35,243,34,235,41,175,32,9,7,29,N,Single,0,5017,
Turk's Gloves,Tifa,,4,Mag.,None,Single,Enemy,[Debuff] PDEF -,Low,Mid,,,,,,,,,DMG +10%,DMG +10%,DMG +20% (Phys.),Boost PATK,Boost Ability Pot.,360,360,28,,,,,,260,300,350,32,226,30,207,37,160,16,6,3,29,N,Single,0,3030,
Turk's Rifle,Lucia,,4,Mag.,None,Single,Enemy,[Debuff] PDEF -,Low,Mid,,,,,,,,,DMG +10%,DMG +10%,DMG +20% (Phys.),Boost PATK,Boost Ability Pot.,360,360,28,,,,,,260,300,350,32,222,31,215,36,157,16,6,3,29,N,Single,0,52023,
Feathered Gloves,Tifa,,3,Phys.,None,Single,Enemy,[Debuff] MDEF -,Mid,Mid,Self,[Enchant] Water + (while Self HP >= 50%),High,High,,,,,DMG +10%,DMG +30% (Water),✕ X Sigil +2,Boost ATK,Boost Water Pot.,420,420,24,35,,,Self HP >= 50%,,260,300,360,32,226,38,262,39,167,32,9,7,19,N,Single,0,3020,
Pressure Ridge,Zack,,4,Phys.,Ice,Single,Enemy,[Resist] Ice - (while Self HP >= 50%),High,High,,,,,,,,,DMG +20% (Phys.),DMG +20% (Phys.),✕ X Sigil +2,Boost PATK,Boost Ice Pot.,620,620,30,,,Self HP >= 50%,,,390,450,550,39,275,29,205,40,174,32,9,3,15,N,Single,0,20014,
Rune Blade,Cloud,,4,Mag.,Ice,All,Enemy,,,,,,,,,,,,DMG +10%,DMG +20% (Mag.),DMG +20% (Mag.),Boost MATK,Boost Ice Pot.,290,290,,,,,,,210,240,280,29,204,32,220,39,168,16,6,5,15,N,All,0,1034,
Hawkeye,Yuffie,,4,Phys.,Earth,Single,Enemy,[Unique] DMG+ (while Self HP >= 70%),1.2x,,,,,,,,,,DMG +10%,DMG +20% (Phys.),◯ Circle Sigil +2,Boost PATK,Boost Earth Pot.,850,1020,,,,Self HP >= 70%,,,480,580,710,39,270,29,201,42,181,24,9,3,23,N,Single,0,6005,
Syringe Rapier,Matt,,4,Mag.,Heal,All,Ally,[Buff] MDEF,Mid,High,Ally,[Buff] PDEF - (while Self HP >= 50%),Mid,High,,,,,DMG +20% (Mag.),DMG +20% (Mag.),All (Cure),Boost HP,Buff/Debuff Extension,7,7,14,14,,,Self HP >= 50%,,5,6,7,30,197,31,204,52,213,24,9,1,34,N,All,0,51012,
Silver Collar,Red XIII,◊ Diamond,3,Phys.,None,Single,Enemy,[Resist] Wind -,High,High,Enemy,[Resist] Water - (while Self HP >= 50%),High,High,,,,,DMG +10%,DMG +30% (Wind),All (Cure),Boost HEAL,Buff/Debuff Extension,320,320,24,24,,,Self HP >= 50%,,200,230,280,29,199,33,231,50,215,32,6,9,34,N,Single,0,5004,
Shinra Military Sword,Sephiroth,,3,Phys.,None,Single,Self,[Buff] PATK +,Mid,Mid,Self,[Enchant] Wind + (while Self HP >= 50%),High,High,,,,,DMG +20% (Phys.),DMG +20% (Phys.),◯ Circle Sigil +2,Boost PATK,Boost Wind Pot.,420,420,35,35,,,Self HP >= 50%,,260,300,360,41,283,29,201,40,170,16,12,3,21,N,Single,0,49011,
Humus Megaphone,Cait Sith,,4,Mag.,Wind,All,Enemy,,,,,,,,,,,,DMG +20% (Mag.),DMG +20% (Mag.),DMG +20% (Mag.),Boost MATK,Boost Wind Pot.,290,290,,,,,,,210,240,280,29,204,32,222,39,167,16,6,5,21,N,All,0,7024,
Humus Rapier,Matt,,4,Mag.,Wind,All,Enemy,,,,,,,,,,,,DMG +20% (Mag.),DMG +20% (Mag.),DMG +20% (Mag.),Boost MATK,Boost Wind Pot.,290,290,,,,,,,210,240,280,23,199,32,220,40,172,16,6,5,21,N,All,0,51020,
Leviathan Buster,Barret,,4,Mag.,Water,Single,Enemy,,,,,,,,,,,,DMG +10%,DMG +20% (Mag.),DMG +20% (Mag.),Boost Lightning Resist.,Boost HP,450,450,,,,,,,320,370,430,30,201,30,226,30,165,24,6,0,1,N,Single,0,2027,
Leviathan Cutter,Yuffie,,4,Mag.,Water,Single,Enemy,,,,,,,,,,,,DMG +10%,DMG +20% (Mag.),DMG +20% (Mag.),Boost Lightning Resist.,Boost MDEF,450,450,,,,,,,320,370,430,30,205,30,218,30,168,24,6,0,32,N,Single,0,6024,
Glavenus Sword,Cloud,,4,Phys.,None,Single,Enemy,[Debuff] PDEF -,Mid,Mid,Self,[Buff] PATK - (while Self HP >= 50%),High,High,,,,,DMG +20% (Phys.),DMG +30% (Fire),◯ Circle Sigil +2,Boost HP,Boost Phys. Ability Pot.,850,850,30,35,,,Self HP >= 50%,,530,610,740,41,288,32,220,35,151,32,9,1,25,N,Single,0,1033,
Zinogre Blade,Zack,,4,Phys.,Lightning,Single,Enemy,[Unique] DMG+ (while Self HP >= 70%),1.2x,,,,,,,,,,DMG +20% (Phys.),DMG +20% (Phys.),✕ X Sigil +2,Boost PATK,Boost Lightning Pot.,940,1128,,,,Self HP >= 70%,,,520,620,780,40,278,32,222,36,157,16,9,3,17,N,Single,0,20023,
Shinra Wyvern Blade,Sephiroth,,4,Mag.,None,All,Enemy,[Resist] Fire -,Low,Mid,,,,,,,,,DMG +10%,DMG +20% (Mag.),DMG +20% (Mag.),Boost MATK,Boost Ability Pot.,250,250,35,,,,,,180,210,240,30,207,31,218,39,167,16,6,5,29,N,All,0,49023,
Catsmegaphone,Cait Sith,,4,Mag.,Heal,Single,Ally,[Buff] PATK +,Low,Mid,Ally,[Heal] Regen,x,x,,,,,DMG +20% (Phys.),DMG +20% (Phys.),DMG +20% (Phys.),Boost PATK,Boost Ability Pot.,13,13,44,15,,,,,9,11,12,31,215,29,201,40,174,16,6,3,29,N,Single,0,7023,
Kirin Gloves,Tifa,,4,Mag.,Lightning,Single,Self,[Buff] MATK + (while Self HP >= 50%),Mid,Mid,,,,,,,,,DMG +20% (Mag.),DMG +20% (Mag.),✕ X Sigil +2,Boost MATK,Boost Lightning Pot.,940,940,35,,,Self HP >= 50%,,,520,620,780,29,205,41,283,39,167,16,9,5,17,N,Single,0,3032,
Kamura Wand,Aerith,,4,Mag.,Heal,All,Ally,[Buff] PATK +,High,High,Ally,[Buff] MDEF + (while Self HP >= 70%),High,High,,,,,DMG +20% (Mag.),Heal +20%,All (Cure),Boost HP,Buff/Debuff Extension,7,7,20,20,,,Self HP >= 70%,,5,6,7,29,205,29,204,54,232,24,9,1,34,N,All,0,4025,
Silver Sol Buster,Glenn,,4,Mag.,Fire,All,Enemy,,,,,,,,,,,,DMG +10%,DMG +20% (Mag.),DMG +20% (Mag.),Boost MATK,Boost Ability Pot.,290,290,,,,,,,210,240,280,30,207,31,214,40,170,16,6,5,29,N,All,0,50023,
Tempest,Sephiroth,,4,Phys.,Water,Single,Enemy,[Resist] Water - (while Self HP >= 50%),High,High,,,,,,,,,DMG +20% (Phys.),DMG +20% (Phys.),△ Triangle Sigil +2,Boost PATK,Boost Water Pot.,700,700,30,,,Self HP >= 50%,,,440,510,620,40,277,31,214,38,165,24,9,3,19,N,Single,0,49010,
Slay the Day,Glenn,,3,Phys.,None,Single,Enemy,[Debuff] PDEF -,Mid,Mid,Self,[Enchant] Water + (while Self HP >= 50%),High,High,,,,,DMG +20% (Phys.),DMG +30% (Water),✕ X Sigil +2,Boost PATK,Boost Water Pot.,420,420,24,35,,,Self HP >= 50%,,260,300,360,40,277,32,220,37,160,24,9,3,19,N,Single,0,50006,
Radrod,Aerith,,4,Mag.,Water,All,Enemy,,,,,,,,,,,,DMG +20% (Mag.),DMG +20% (Mag.),DMG +20% (Mag.),Boost MATK,Boost Water Pot.,290,290,,,,,,,210,240,280,28,197,32,222,40,172,16,6,5,19,N,All,0,4026,
Radglaive,Glenn,,4,Mag.,Water,All,Enemy,,,,,,,,,,,,DMG +20% (Mag.),DMG +20% (Mag.),DMG +20% (Mag.),Boost MATK,Boost Water Pot.,290,290,,,,,,,210,240,280,30,207,31,215,39,168,16,6,5,19,N,All,0,50022,
Striped Moogle Float,Yuffie,,4,Phys.,Fire,All,Self,[Enchant] Fire + (while Self HP >= 50%),Low,High,,,,,,,,,DMG +20% (Phys.),DMG +20% (Phys.),◯ Circle Sigil +2,Boost PATK,Boost Fire Pot.,700,700,35,,,Self HP >= 50%,,,390,530,620,41,285,27,189,42,178,24,9,3,13,N,All,0,6026,
Marine Shooter,Lucia,,4,Phys.,None,All,Enemy,[Debuff] PATK -,Mid,High,Enemy,[Resist] Fire -  (while Self HP >= 50%),High,High,,,,,DMG +20% (Phys.),DMG +30% (Fire),△ Triangle Sigil +2,Boost Phys. Ability Pot.,Boost Fire Pot.,560,560,30,30,,,Self HP >= 50%,,350,400,490,40,277,30,212,39,167,24,9,25,13,N,All,0,52025,
Burning Oar,Cloud,,4,Phys.,Fire,Single,Enemy,,,,,,,,,,,,DMG +10%,DMG +20% (Phys.),DMG +20% (Phys.),Boost PATK,Boost Fire Pot.,450,450,,,,,,,320,370,430,32,225,29,204,38,165,16,6,3,13,N,Single,0,1035,
Firefish,Matt,,4,Phys.,Fire,Single,Enemy,,,,,,,,,,,,DMG +10%,DMG +20% (Phys.),DMG +20% (Phys.),Boost PATK,Boost Fire Pot.,450,450,,,,,,,320,370,430,31,215,29,199,41,175,16,6,3,13,N,Single,0,51022,
Shell Knuckles,Tifa,,4,Mag.,Fire,Single,Enemy,[Unique] DMG+ (while Self HP >= 70%),1.2x,,,,,,,,,,DMG +20% (Mag.),DMG +20% (Mag.),✕ X Sigil +2,Boost MATK,Boost Fire Pot.,940,1128,,,,Self HP >= 70%,,,520,620,810,32,220,39,275,38,161,16,9,5,13,N,Single,0,3033,
Sharkslayer,Barret,◊ Diamond,3,Phys.,None,Single,Enemy,[Resist] Fire -,High,High,Enemy,[Resist] Water - (while Self HP >= 50%),High,High,,,,,DMG +10%,DMG +20% (Phys.),◯ Circle Sigil +2,Boost HP,Buff/Debuff Extension,420,420,24,24,,,Self HP >= 50%,,260,300,360,36,254,34,235,39,167,16,12,1,34,N,Single,0,2021,
Hell House Rod,Aerith,,4,Mag.,Ice,All,Enemy,,,,,,,,,,,,DMG +20% (Mag.),DMG +20% (Mag.),DMG +20% (Mag.),Boost MATK,Boost Ice Pot.,290,290,,,,,,,210,240,280,27,189,32,226,41,175,16,6,5,15,N,All,0,4027,
White Dog,Vincent,,4,Mag.,Earth,Single,Enemy,[Unique] DMG+ (while Target has Debuff),1.2x,,Self,Fill Limit Gauge,5%,,,,,,DMG +20% (Mag.),DMG +20% (Mag.),△ Triangle Sigil +2,Boost MATK (All),Boost Earth Pot.,940,1128,,,,Target has Debuff,,,520,620,780,30,212,40,278,38,165,24,9,40,23,N,Single,0,8012,
Cath Palug,Vincent,,4,Mag.,Ice,All,Enemy,,,,,,,,,,,,DMG +10%,DMG +20% (Mag.),DMG +20% (Mag.),Boost MATK,Boost Ice Pot.,520,520,,,,,,,280,340,440,32,225,38,268,38,164,16,12,5,15,N,All,0,8002,
Gilded Age,Vincent,,4,Mag.,Heal,Single,Self,[Heal] Regen,x,x,Self,Fill Limit Gauge,10%,,,,,,DMG +10%,DMG +20% (Phys.),DMG +20% (Mag.),Boost HP,Boost Ability Pot.,13,13,15,,,,,,9,11,12,32,220,32,220,48,206,32,6,1,29,N,Single,0,8003,
S1976C,Vincent,,4,Mag.,None,All,Enemy,[Debuff] PATK -,Mid,High,Enemy,[Debuff] MATK -,Mid,High,,,,,DMG +10%,DMG +20% (Mag.),DMG +20% (Mag.),Boost MATK,Boost Ability Pot.,540,540,25,25,,,,,340,390,480,33,231,37,260,38,165,24,9,5,29,N,All,0,8004,
Shortbarrel,Vincent,,4,Phys.,Wind,Single,Enemy,[Unique] DMG+ (while Self HP = 100%),3x,,Self,Fill Limit Gauge,4%,,,,,,DMG +20% (Phys.),DMG +20% (Phys.),DMG +20% (Phys.),Boost PATK,Boost Wind Pot.,400,1200,,,,Self HP = 100%,,,220,260,340,38,268,32,226,38,161,16,12,3,21,N,Single,0,8005,
T03 Model N,Vincent,,2,Phys.,None,Single,Enemy,[Unique] DMG+ (while Self HP <= 30%),3x,,Self,Fill Limit Gauge,2%,,,,,,DMG +10%,DMG +20% (Phys.),DMG +20% (Phys.),Boost PATK,Boost Phys. Ability Pot.,300,900,,,,Self HP <= 30%,,,160,190,250,38,264,34,236,36,157,32,6,3,25,N,Single,0,8007,
Sawed-Off GS,Vincent,,4,Mag.,Heal,Single,Self,[Buff] MATK +,High,High,Self,[Buff] MDEF +,High,High,,,,,DMG +10%,DMG +20% (Phys.),DMG +20% (Mag.),Boost ATK,Boost Mag. Ability Pot.,15,15,38,38,,,,,11,13,14,32,220,32,225,47,203,16,12,7,27,N,Single,0,8008,
Chiron,Vincent,,4,Phys.,None,Single,Enemy,[Resist] Earth - (while Self HP >= 50%),High,High,Self,Fill Limit Gauge,3%,,,,,,DMG +10%,DMG +20% (Phys.),DMG +20% (Mag.),Boost MATK,Buff/Debuff Extension,510,510,35,,,Self HP >= 50%,,,320,370,450,35,243,35,243,39,168,24,9,5,34,N,Single,0,8009,
Double Stem E,Vincent,,4,Mag.,None,All,Enemy,[Status Apply] Poison,x,x,Self,Fill Limit Gauge,3%,,,,,,DMG +10%,DMG +20% (Mag.),DMG +20% (Mag.),Boost MATK,Boost Mag. Ability Pot.,520,520,25,,,Self HP <= 30%,,,280,340,440,32,226,39,273,37,158,16,12,5,27,N,All,0,8010,
Quicksilver,Vincent,,4,Phys.,None,Single,Enemy,[Unique] DMG+ (while Self HP <= 30%),1.5x,,Self,Fill Limit Gauge,5%,,,,,,DMG +10%,DMG +20% (Phys.),DMG +20% (Phys.),Boost ATK,Boost Limit Break Pot.,750,1125,,,,Self HP <= 30%,,,400,480,620,38,262,33,228,38,165,24,12,7,0,N,Single,0,8017,
Nail Bat,Cloud,,5,Phys.,None,Single,Enemy,,,,,,,,,,,,DMG +20% (Phys.),DMG +20% (Phys.),◯ Circle Sigil +2,Boost Fire Resist.,ATB Boost,1600,1600,,,,,,,850,1020,1320,33,231,29,199,38,164,16,9,0,0,N,Single,0,1013,
Rocket Punch,Barret,,4,Phys.,None,Single,Enemy,[Unique] DMG+ (while Self HP <= 30%),3x,,,,,,,,,,DMG +20% (Phys.),DMG +20% (Phys.),◯ Circle Sigil +2,Boost Earth Resist.,Boost PDEF (All),500,1500,,,,Self HP <= 30%,,,270,320,420,34,235,27,191,39,167,16,9,0,0,N,Single,0,2020,
Work Gloves,Tifa,,4,Mag.,Heal,Single,Self,[Buff] PDEF +,High,High,Self,[Buff] PATK +,High,High,,,,,DMG +20% (Phys.),DMG +20% (Phys.),✕ X Sigil +2,Boost Ice Resist.,ATB Boost,13,13,35,35,,,,,9,11,12,34,235,28,197,38,161,16,9,0,0,N,Single,0,3014,
Umbrella,Aerith,,4,Mag.,Heal,Single,Ally,[Dispel] PATK -,,,Ally,[Dispel] MATK -,,,,,,,DMG +20% (Mag.),DMG +20% (Mag.),All (Cure),Boost Lightning Resist.,Boost MDEF (All),108,108,,,,,,,77,92,100,27,191,29,199,46,196,16,9,0,0,N,Single,0,4016,
Headphones,Red XIII,,4,Mag.,None,All,Enemy,[Dispel] MDEF +,,,,,,,,,,,DMG +20% (Mag.),DMG +20% (Mag.),All (Cure),Boost Ice Resist.,Boost MDEF (All),540,540,,,,,,,290,350,450,27,189,35,241,38,164,16,9,0,0,N,All,0,5027,
Bamboo Ring,Yuffie,,4,Phys.,None,Single,Enemy,[Unique] DMG+ (while Self HP = 100%),2x,,,,,,,,,,DMG +10%,DMG +20% (Mag.),DMG +20% (Mag.),Boost Wind Resist.,ATB Boost,500,1000,,,,Self HP = 100%,,,270,320,420,34,236,27,191,38,165,16,9,0,0,N,Single,0,6016,
Trumpet Shell,Cait Sith,,4,Mag.,Heal,All,Ally,[Buff] PATK +,Mid,Mid,Ally,[Buff] MATK + (20% Rate),Mid,Mid,,,,,DMG +20% (Phys.),DMG +20% (Mag.),◯ Circle Sigil +2,Boost Ice Resist.,Boost MDEF (All),7,7,20,20,,,20% Rate,,5,6,7,32,226,28,197,39,168,16,9,0,0,N,All,0,7011,
Silver Rifle,Vincent,,4,Phys.,None,Single,Enemy,[Unique] DMG+ (while Target has Debuff),1.5x,,Self,Fill Limit Gauge,3%,,,,,,DMG +20% (Phys.),DMG +20% (Phys.),DMG +20% (Phys.),Boost Water Resist.,ATB Boost,700,1050,,,,Target has Debuff,,,370,440,570,34,235,29,205,36,154,16,9,0,0,N,Single,0,8014,
Bouquet,Zack,,4,Phys.,None,Single,Enemy,[Unique] DMG+ (while Self HP = 100%),3x,,,,,,,,,,DMG +20% (Phys.),DMG +20% (Phys.),✕ X Sigil +2,Boost Fire Resist.,Boost PDEF (All),400,1200,,,,Self HP = 100%,,,210,250,330,34,236,29,201,36,157,16,9,0,0,N,Single,0,20013,
World Tree Bough,Sephiroth,,4,Phys.,None,Single,Enemy,[Unique] DMG+ (while Stance Gauge Max),1.5x,,,,,,,,,,DMG +20% (Phys.),DMG +20% (Phys.),△ Triangle Sigil +2,Boost Earth Resist.,ATB Boost,700,1050,,,,Stance Gauge Max,,,370,440,570,34,235,28,193,38,165,16,9,0,0,N,Single,0,49013,
Squeaky Hammer,Glenn,,4,Phys.,None,Single,Enemy,[Unique] DMG+ (while Self HP <= 30%),2x,,,,,,,,,,DMG +20% (Phys.),DMG +20% (Phys.),✕ X Sigil +2,Boost Water Resist.,Boost PDEF (All),700,1400,,,,Self HP <= 30%,,,670,440,570,35,243,29,201,35,151,16,9,0,0,N,Single,0,50014,
Foam Sword,Matt,,4,Phys.,None,Single,Enemy,[Dispel] PDEF +,,,,,,,,,,,DMG +20% (Phys.),DMG +20% (Phys.),All (Cure),Boost Lightning Resist.,Boost MDEF (All),620,620,,,,,,,330,400,510,32,226,27,189,41,175,16,9,0,0,N,Single,0,51013,
Rubber Band Gun,Lucia,,4,Phys.,None,Single,Enemy,,,,Ally,[Unique+] Increases Command Gauge,20%,,,,,,DMG +20% (Phys.),DMG +20% (Phys.),△ Triangle Sigil +2,Boost Wind Resist.,Boost PDEF (All),620,620,,,,,,,330,400,510,33,233,29,199,38,161,16,9,0,0,N,Single,0,52014,
Citric Wand,Aerith,,3,Mag.,Heal,Single,Ally,[Enchant] Ice DMG +,High,High,Ally,[Buff] MATK + (while Self HP >= 50%),Mid,High,,,,,DMG +20% (Mag.),DMG +30% (Ice),◯ Circle Sigil +2,Boost MATK,Buff/Debuff Extension,9,9,30,30,,,Self HP >= 50%,,7,8,9,28,194,35,243,48,208,16,12,5,34,N,Single,0,4028,
Hugin & Munin,Vincent,,4,Mag.,None,Single,Enemy,[Unique] Fill Limit Gauge,5%,,,,,,,,,,DMG +20% (Mag.),DMG +30% (Ice),△ Triangle Sigil +2,Boost MATK,Boost Mag. Ability Pot.,1300,1300,,,,,,,650,780,1140,30,207,41,285,38,164,32,6,5,27,N,Single,0,8015,
Cactuar Fan,Yuffie,,4,Mag.,Ice,All,Enemy,,,,,,,,,,,,DMG +20% (Mag.),DMG +20% (Mag.),DMG +20% (Mag.),Boost MATK,Boost Ability Pot.,290,290,,,,,,,210,240,280,29,205,32,225,38,164,16,6,5,29,N,All,0,6027,
Fireworks Megaphone,Cait Sith,,4,Mag.,Ice,All,Enemy,,,,,,,,,,,,DMG +20% (Mag.),DMG +20% (Mag.),DMG +20% (Mag.),Boost MATK,Boost Ability Pot.,290,290,,,,,,,210,240,280,29,205,33,228,37,160,16,6,5,29,N,All,0,7025,
Blue Bramble,Sephiroth,,4,Mag.,Earth,Single,Enemy,[Resist] Earth - (while Self HP >= 50%),High,High,,,,,,,,,DMG +20% (Mag.),DMG +20% (Mag.),△ Triangle Sigil +2,Boost MATK,Boost Earth Pot.,700,700,30,,,Self HP >= 50%,,,440,510,620,30,212,40,281,38,164,24,9,5,23,N,Single,0,49024,
Nightjar,Lucia,◊ Diamond,3,Mag.,None,Single,Enemy,[Debuff] PDEF -,High,High,Enemy,[Debuff] MDEF - (while Self has buff),Mid,Mid,,,,,DMG +20% (Phys.),DMG +20% (Mag.),△ Triangle Sigil +3,Boost HP,Boost Ability Pot.,420,420,24,24,,,Self has buff,,260,300,360,35,247,35,247,38,161,32,6,1,29,N,Single,0,52013,
Steward Gloves,Tifa,,4,Mag.,None,Single,Enemy,[Debuff] PATK -,Low,Mid,,,,,,,,,DMG +10%,DMG +10%,DMG +20% (Mag.),Boost MATK,Boost Ability Pot.,360,360,28,,,,,,260,300,350,31,218,32,222,36,154,16,6,5,29,N,Single,0,3034,
Steward Collar,Red XIII,,4,Mag.,None,Single,Enemy,[Debuff] PATK -,Low,Mid,,,,,,,,,DMG +10%,DMG +10%,DMG +20% (Mag.),Boost MATK,Boost Ability Pot.,360,360,28,,,,,,260,300,350,30,212,32,220,38,161,16,6,5,29,N,Single,0,5035,
Beatrix Sword,Zack,,4,Phys.,Wind,Single,Enemy,[Unique] DMG+ (while Target has Debuff),1.2x,,,,,,,,,,DMG +10%,DMG +20% (Phys.),✕ X Sigil +2,Boost PATK,Boost Wind Pot.,940,1128,,,,Target has Debuff,,,520,620,810,41,283,32,220,36,154,16,12,3,21,N,Single,0,20027,
Quina Megaphone,Cait Sith,,4,Mag.,Heal,All,Ally,[Buff] PATK +,High,High,Ally,[Buff] PDEF + (while Self HP >= 70%),High,High,,,,,DMG +20% (Phys.),DMG +30% (Wind),◯ Circle Sigil +2,Boost ATK,Buff/Debuff Extension,7,7,20,20,,,Self HP >= 70%,,5,6,7,36,254,29,204,45,192,32,6,7,34,N,All,0,7029,
Bahamut Greatsword,Cloud,,4,Phys.,None,All,Enemy,[Unique] DMG+ 40000 Additional Damage (while Self HP >= 50%),,,Self,[Buff] Haste (first use),,,,,,,DMG +20% (Phys.),DMG +20% (Phys.),◯ Circle Sigil +2,Boost PATK (All),Boost Phys. Ability Pot.,800,800,,30,,+40k while Self HP >= 50%,First use,,430,520,670,42,291,31,218,35,150,24,9,38,25,N,Single,0,1036,
Alba Blade,Zack,,4,Phys.,None,All,Enemy,,,,,,,,,,,,DMG +20% (Phys.),DMG +20% (Phys.),DMG +20% (Phys.),Boost PATK,Boost Ability Pot.,390,390,,,,,,,280,320,380,32,222,204,29,167,39,16,6,3,29,N,All,0,20025,
Alba Megaphone,Cait Sith,,4,Phys.,None,All,Enemy,,,,,,,,,,,,DMG +20% (Phys.),DMG +20% (Phys.),DMG +20% (Phys.),Boost PATK,Boost Ability Pot.,390,390,,,,,,,280,320,380,32,220,29,205,39,167,16,6,3,29,N,All,0,7026,
Genji Blade,Sephiroth,,0,Both,None,Single,Self,[Buff] PATK +,Extra High,Extra High,Self,[Buff] MATK +,Extra High,Extra High,,,,,,,,Boost Ability Pot.,Interruption Mastery,2000,2000,30,30,,,,,2000,2000,2000,29,203,28,196,29,126,16,15,29,0,Y,Single,2,49027,
Ultimate Buster Sword,Cloud,,0,Both,None,Single,Enemy,[Debuff] PATK -,High,High,Enemy,[Debuff] MATK -,High,High,,,,,,,,Boost Ability Pot.,Boost PDEF,1000,1000,30,30,,,,,1000,1000,1000,25,172,25,172,30,129,16,12,29,31,Y,Single,1,1037,
Ultimate Gatling Gun,Barret,,0,Phys.,Heal,All,Ally,[Buff] PDEF +,High,High,,,,,,,,,,,,Boost PDEF,Boost HP,5,5,20,,,,,,5,5,5,24,169,25,175,30,130,16,12,31,1,Y,All,1,2031,
Ultimate Leather Gloves,Tifa,,0,Both,None,Single,Ally,[Buff] PATK +,Mid,Mid,Ally,[Buff] MATK +,Mid,Mid,,,,,,,,Boost Ability Pot.,Boost MDEF,1000,1000,30,30,,,,,1000,1000,1000,26,179,25,175,28,122,16,12,29,32,Y,All,1,3037,
Ultimate Guard Stick,Aerith,,0,Mag.,Heal,All,Ally,[Dispel] PATK -,,,Ally,[Dispel] MATK -,,,,,,,,,,Boost HEAL,Boost MDEF,50,50,,,,,,,50,50,50,22,154,23,157,36,157,16,12,9,32,Y,All,1,4030,
Ultimate Leather Collar,Red XIII,,0,Mag.,Heal,All,Ally,[Heal] Regen,,,,,,,,,,,,,,Boost HEAL,Boost PDEF,27,27,12,,,,,,27,27,27,23,161,23,161,35,149,16,12,9,31,Y,All,1,5036,
Ultimate 4-Point Shuriken,Yuffie,,0,Both,None,Single,Self,[Buff] PATK +,High,High,Self,[Buff] MATK +,High,High,,,,,,,,Boost Ability Pot.,Boost MDEF,1000,1000,30,30,,,,,1000,1000,1000,25,175,24,169,30,130,16,12,29,32,Y,Single,1,6029,
Ultimate Yellow Megaphone,Cait Sith,,0,Mag.,Heal,Single,Ally,[Unique] Fill Limit Gauge,30%,,,,,,,,,,,,,Buff/Debuff Extension,Boost PDEF,5,5,,,,,,,5,5,5,24,171,23,163,32,138,16,12,34,31,Y,Single,1,7028,
Ultimate Quicksilver,Vincent,,0,Both,None,Single,Self,[Unique] Fill Limit Gauge,40%,,,,,,,,,,,,,Boost Ability Pot.,Boost PDEF,1000,1000,,,,,,,1000,1000,1000,25,176,26,183,28,118,16,12,29,31,Y,Single,1,8019,
Ultimate Type-99 Longsword,Zack,,0,Both,None,Single,Enemy,[Debuff] PDEF -,High,High,Enemy,[Debuff] MDEF -,High,High,,,,,,,,Boost Ability Pot.,Boost MDEF,1000,1000,30,30,,,,,1000,1000,1000,25,178,24,171,29,126,16,12,29,32,Y,Single,1,20026,
Ultimate Nameless,Sephiroth,,0,Both,None,Single,Enemy,[Unique] DMG+ (while Self has buff),2x,,,,,,,,,,,,,Boost Ability Pot.,Boost PDEF,1500,3000,,,,Self has Buff,,,1500,1500,1500,26,183,24,171,28,122,16,12,29,31,Y,Single,1,49026,
Ultimate Personal Style,Glenn,,0,Mag.,Heal,All,Ally,[Buff] MDEF +,High,High,,,,,,,,,,,,Boost MDEF,Boost HP,5,5,20,,,,,,5,5,5,26,184,25,175,28,118,16,12,32,1,Y,All,1,50024,
Ultimate Broadsword: Axis,Matt,,0,Mag.,Heal,All,Ally,[Dispel] PDEF -,,,Ally,[Dispel] MDEF -,,,,,,,,,,Boost HEAL,Boost MDEF,25,25,,,,,,,25,25,25,26,179,25,176,28,121,16,12,9,32,Y,All,1,51024,
Ultimate V39,Lucia,,0,Mag.,Heal,Single,Ally,[Buff] PATK +,High,High,Ally,[Buff] MATK +,High,High,,,,,,,,Buff/Debuff Extension,Boost PDEF,5,5,30,30,,,,,5,5,5,24,164,24,164,33,143,16,12,34,31,Y,Single,1,52026,
Bahamut Cutter,Yuffie,,4,Phys.,None,Single,Enemy,[Unique] DMG+ (while Target has Debuff),1.3x,,All,[Buff] MDEF +,Mid,High,,,,,DMG +20% (Phys.),DMG +20% (Phys.),◯ Circle Sigil +2,Boost PATK (All),Boost Phys. Ability Pot.,1080,1404,,25,,Target has Debuff,,,540,650,950,41,289,27,191,40,174,24,9,38,25,N,Single,0,6028,
Bahamut's Rod,Aerith,,0,,,,,,,,,,,,,,,,,,,Boost MATK (All),Boost HEAL,0,0,,,,,,,0,0,0,27,191,30,212,55,237,24,9,40,9,N,,0,4029,
Bahamut Fangs,Tifa,,4,Mag.,None,Single,Self,[Buff] Haste (first use),,,All,[Buff] MATK +,Mid,High,,,,,DMG +20% (Mag.),DMG +20% (Mag.),✕ X Sigil +2,Boost MATK (All),Boost Mag. Ability Pot.,1100,1100,30,30,,First use,,,600,720,1000,30,212,42,291,36,154,24,9,40,27,N,Single,0,3035,
HP Shout,Cait Sith,,0,Both,None,Single,Ally,[Buff] Haste,,,,,,,,,,,,,,Buff/Debuff Extension,Interruption Mastery,1000,1000,20,,,,,,1000,1000,1000,27,187,27,187,34,145,16,15,34,0,Y,All,2,7032,
Crow Familiar,Vincent,,4,Mag.,Lightning,Single,Enemy,[Unique] DMG+ (while Self has buff),1.2x,,,,,,,,,,DMG +20% (Mag.),DMG +20% (Mag.),△ Triangle Sigil +2,Boost MATK,Boost Lightning Pot.,940,1128,,,,Self has Buff,,,520,620,780,30,212,40,277,39,167,16,9,5,17,N,Single,0,8016,
Witch's Broom,Cait Sith,,3,Phys.,None,Single,Enemy,[Debuff] MDEF -,Mid,Mid,Enemy,[Resist] Thunder - (while Self HP >= 50%),High,High,,,,,DMG +20% (Phys.),DMG +30% (Lightning),◯ Circle Sigil +2,Boost ATK,Boost Lightning Pot.,420,420,24,24,,,Self HP >= 50%,,260,300,360,37,256,35,243,37,158,32,9,7,17,N,Single,0,7019,
Black Cat's Paws,Tifa,,4,Mag.,Lightning,All,Enemy,,,,,,,,,,,,DMG +10%,DMG +10%,DMG +20% (Mag.),Boost MATK,Boost Lightning Pot.,290,290,,,,,,,220,230,280,30,212,32,226,36,157,16,6,5,17,N,All,0,3036,
Candle Rapier,Matt,,4,Mag.,Lightning,All,Enemy,,,,,,,,,,,,DMG +10%,DMG +10%,DMG +20% (Mag.),Boost MATK,Boost Lightning Pot.,290,290,,,,,,,220,230,280,28,193,33,228,40,170,16,6,5,17,N,All,0,51025,
Icebolt Shooter,Vincent,,4,Mag.,None,Single,Enemy,[Resist] Ice -,Mid,Mid,Enemy,[Resist] Thunder -,Mid,Mid,,,,,DMG +10%,DMG +20% (Mag.),DMG +20% (Mag.),Boost Water Resist.,Boost HP,340,340,25,25,,,,,240,280,320,30,207,32,220,389,165,24,6,0,1,N,Single,0,8018,
Icebolt Megaphone,Cait Sith,,4,Mag.,None,Single,Enemy,[Resist] Ice -,Mid,Mid,Enemy,[Resist] Thunder -,Mid,Mid,,,,,DMG +10%,DMG +20% (Mag.),DMG +20% (Mag.),Boost Fire Resist.,Boost HP,340,340,25,25,,,,,240,280,320,28,197,31,215,41,177,24,6,0,1,N,Single,0,7027,
Little Red Wreath ,Yuffie,,4,Mag.,Ice,Single,Enemy,[Unique] DMG+ (while Target has Debuff),1.2x,,,,,,,,,,DMG +20% (Mag.),DMG +20% (Mag.),◯ Circle Sigil +2,Boost MATK,Boost Ice Pot.,940,1128,,,,Target has Debuff,,,520,620,780,31,215,41,285,36,157,24,9,5,15,N,Single,0,6019,
Type-90 Longsword,Angeal,,4,Phys.,None,Single,Self,[Buff] Provoke,,,Self,[Heal] Regen,,,,,,,DMG +10%,DMG +20% (Phys.),DMG +20% (Phys.),Boost PDEF,Boost Phys. Ability Pot.,750,750,60,9,,,,,400,480,620,38,268,32,225,38,164,32,6,31,25,N,Single,0,56001,
Greatsword (A),Angeal,,4,Phys.,None,All,Enemy,[Debuff] PDEF -,High,High,Self,[Buff] Veil,10%,,,,,,DMG +20% (Phys.),DMG +20% (Phys.),DMG +20% (Phys.),Boost PATK,Boost Phys. Ability Pot.,540,540,30,60,,,,,340,390,480,37,280,34,235,38,161,16,12,3,25,N,All,0,56002,
Type-91 Two-Hander,Angeal,◊ Diamond,3,Mag.,None,Single,Enemy,[Debuff] PATK -,Mid,High,Enemy,[Debuff] MATK - (while Self HP >= 50%),Mid,Mid,,,,,DMG +20% (Mag.),DMG +20% (Mag.),DMG +20% (Mag.),Boost HP,Boost Ability Pot.,420,420,24,24,,,Self HP >= 50%,,260,300,360,31,215,38,264,40,174,24,9,1,29,N,Single,0,56003,
Shinra Greatsword: Model I,Angeal,,4,Phys.,None,Single,Enemy,[Resist] Earth -,High,High,Self,[Buff] Veil,10%,,,,,,DMG +20% (Phys.),DMG +20% (Phys.),DMG +20% (Phys.),Boost PATK,Buff/Debuff Extension,620,620,30,60,,,,,390,450,550,38,262,30,207,42,182,24,9,3,34,N,Single,0,56004,
CC Alloy Greatsword,Angeal,,4,Mag.,Lightning,Single,Enemy,,,,,,,,,,,,DMG +20% (Mag.),DMG +20% (Mag.),DMG +20% (Mag.),Boost MATK,Boost Lightning Pot.,900,900,,,,,,,500,600,740,30,212,40,277,39,167,32,6,5,17,N,Single,0,56005,
Stalwart Integrity,Angeal,,4,Mag.,Heal,All,Ally,[Buff] PDEF +,High,High,Ally,[Buff] PATK + (while Self HP >= 70%),High,High,,,,,DMG +10%,DMG +20% (Phys.),DMG +20% (Mag.),Boost HP,Buff/Debuff Extension,7,7,20,20,,,Self HP >= 70%,,5,6,6,32,220,31,214,49,212,32,6,1,34,N,All,0,56006,
Innocent Warrior,Angeal,,4,Mag.,Fire,All,Enemy,,,,,,,,,,,,DMG +20% (Mag.),DMG +20% (Mag.),DMG +20% (Mag.),Boost MATK,Boost Fire Pot.,520,520,,,,,,,280,340,440,31,215,36,254,42,182,16,12,5,13,N,All,0,56007,
Gargantuan Monolith,Angeal,,4,Mag.,Heal,Single,Self,[Buff] Provoke,,,Self,[Buff] MDEF +,High,High,,,,,DMG +10%,DMG +20% (Phys.),DMG +20% (Mag.),Boost HP,Boost MDEF,15,15,60,44,,,,,11,13,14,33,231,31,214,47,203,24,12,1,32,N,Single,0,56008,
Sequoiadendron,Angeal,,4,Phys.,Earth,Single,Enemy,[Unique] DMG+ (while Self HP <= 30%),2x,,,,,,,,,,DMG +20% (Phys.),DMG +20% (Phys.),DMG +20% (Phys.),Boost PATK,Boost Earth Pot.,600,1200,,,,Self HP <= 30%,,,320,380,500,39,270,29,201,42,181,16,12,3,23,N,Single,0,56009,
Orchard Shovel,Angeal,,4,Phys.,None,Single,Enemy,[Unique] DMG+ (while Self HP <= 30%),3x,,Self,[Buff] Provoke,,,,,,,DMG +20% (Phys.),DMG +20% (Phys.),DMG +20% (Phys.),Boost Earth Resist.,Boost PDEF (All Allies),490,1470,,60,,Self HP <= 30%,,,210,260,370,34,236,27,186,39,168,16,9,0,0,N,Single,0,56011,
Ultimate Type-90 Longsword ,Angeal,,0,Mag.,Heal,All,Ally,[Buff] PDEF +,Mid,Mid,Ally,[Buff] MDEF +,Mid,Mid,,,,,,,,Boost PDEF,Boost MDEF,5,5,20,20,,,,,5,5,5,24,171,25,172,30,130,16,12,31,32,Y,All,1,56012,
Tranquility,Angeal,,4,Phys.,Water,Single,Self,[Buff] Veil,10%,,Self,[Buff] Provoke,,,,,,,DMG +20% (Phys.),DMG +20% (Phys.),△ Triangle Sigil +2,Boost PATK (All),Boost Water Pot.,940,940,60,60,,,,,520,620,780,41,285,29,199,40,179,24,9,38,19,N,Single,0,56010,
Pilot's Collar,Red XIII,,5,Mag.,Heal,All,Ally,[Buff] MDEF +,Mid,High,,,,,,,,,DMG +20% (Mag.),DMG +20% (Mag.),Heal +20%,Boost Heal,Buff/Debuff Extension,59,59,14,,,,,,42,50,54,28,193,31,215,54,232,24,9,0,34,N,All,0,5024,
Escutcheaon Cannon,Barret,,4,Mag.,Heal,All,Ally,[Buff] MDEF +,High,High,Ally,[Buff] MATK + (while Self HP >= 70%),High,High,,,,,DMG +10%,DMG +20% (Mag.),◯ Circle Sigil +2,Boost MDEF,Buff/Debuff Extension,7,7,20,20,,,Self HP >= 70%,,5,6,7,30,207,36,254,44,189,24,9,32,34,N,All,0,2032,
Rhad Gun,Vincent,,4,Mag.,Heal,Single,Ally,[Buff] PATK +,Low,Mid,Ally,[Heal] Regen,,,,,,,DMG +10%,DMG +10%,DMG +20% (Phys.),Boost PATK,Boost Ability Pot.,13,13,15,15,,,,,9,11,12,32,225,28,197,40,170,16,6,3,29,N,Single,0,8020,
Rhad Cannon,Barret,,4,Mag.,Heal,Single,Ally,[Buff] PATK +,Low,Mid,Ally,[Heal] Regen,,,,,,,DMG +10%,DMG +10%,DMG +20% (Phys.),Boost PATK,Boost Ability Pot.,13,13,15,15,,,,,9,11,12,32,225,28,197,40,170,16,6,3,29,N,Single,0,2029,
Princess Guard ,Aerith,,0,Mag.,Heal,All,Ally,[Unique] ATB + 3,,,,,,,,,,,,,,Boost Heal,Regen Boost,30,30,,,,,,,30,30,30,24,169,23,161,43,183,16,15,0,0,Y,All,2,4036,
Terra's Rod,Aerith,,4,Mag.,None,All,Enemy,[Resist] Fire -,High,High,Enemy,[Resist] Ice -,High,High,Enemy,[Resist] Thunder -,High,High,DMG +20% (Mag.),DMG +20% (Mag.),All (Cure),Boost HP,Buff/Debuff Extension,750,750,35,35,35,,,,470,540,660,27,186,39,275,44,189,32,9,1,34,N,All,0,4031,
Edgar's Coiled Blade,Sephiroth,,4,Mag.,Water,Single,Enemy,[Unique] DMG+ (while Target has Debuff),1.2x,,,,,,,,,,DMG +20% (Mag.),DMG +20% (Mag.),△ Triangle Sigil +2,Boost MATK,Boost Water Pot.,940,1128,,,,Target has Debuff,,,520,620,780,30,207,41,289,37,160,24,9,5,19,N,Single,0,49028,
Cyan's Blade,Angeal,,4,Phys.,Ice,Single,Enemy,,,,,,,,,,,,DMG +10%,DMG +20% (Phys.),DMG +20% (Phys.),Boost HP,Boost Phys. Ability Pot.,450,450,,,,,,,320,370,430,32,225,29,199,39,168,24,9,1,25,N,Single,0,56013,
Amethyst Collar,Red XIII,,4,Mag.,Ice,All,Enemy,,,,,,,,,,,,DMG +10%,DMG +20% (Mag.),DMG +20% (Mag.),Boost MATK,Boost Ice Pot.,290,290,,,,,,,210,240,280,30,191,30,222,30,177,16,6,5,15,N,Enemy,0,5034,
Locke's Sword,Cloud,,4,Phys.,None,Single,Self,[Enchant] Fire DMG +,Mid ,High,Self,[Enchant] Ice DMG +,Mid ,High,,[Enchant] Thunder DMG +,Mid ,High,DMG +30% (Fire),DMG +30% (Ice),DMG +30% (Lightning),Boost ATK,Boost Ability Pot.,1010,1010,55,55,55,,,,630,720,880,41,285,32,225,35,150,24,12,7,29,N,Single,0,1038,
Kefka's Collar,Red XIII,,4,Mag.,Lightning,All,Enemy,,,,,,,,,,,,DMG +10%,DMG +20% (Mag.),DMG +20% (Mag.),Boost HP,Boost Mag. Ability Pot.,290,290,,,,,,,210,240,280,30,212,33,228,36,154,24,9,1,27,N,All,0,5037,
Eligor Gun ,Vincent,,4,Mag.,Ice,All,Enemy,,,,,,,,,,,,DMG +10%,DMG +20% (Mag.),DMG +20% (Mag.),Boost HP,Boost Ice Pot.,290,290,,,,,,,210,240,280,28,194,32,226,40,170,24,9,1,15,N,All,0,8021,
Eligor Rifle,Lucia,,4,Mag.,Ice,All,Enemy,,,,,,,,,,,,DMG +10%,DMG +20% (Mag.),DMG +20% (Mag.),Boost HP,Boost Ice Pot.,290,290,,,,,,,210,240,280,28,194,32,222,40,174,24,9,1,15,N,All,0,52027,
Sabin's Claws,Tifa,,4,Phys.,None,All,Enemy,[Unique] DMG+ 40000 Additional Damage (while Self HP >= 50%),,,Self,[Buff] PATK +,Low,High,Self,[Buff] MATK +,Low,High,DMG +20% (Phys.),DMG +20% (Mag.),✕ X Sigil +2,Boost ATK,Boost Ability Pot.,800,800,,30,30,+40k while Self HP >= 50%,,,430,520,670,40,281,30,212,38,164,32,9,7,29,N,All,0,3038,
Buster Sword Origin,Zack,,4,Phys.,None,Single,,,,,,,,,,,,,DMG +20% (Phys.),DMG +20% (Phys.),✕ X Sigil +2,Boost PDEF,Boost HP,860,860,,,,,,,480,580,710,36,254,30,207,44,189,24,9,31,1,N,,0,20033,
Holiday Bell,Yuffie,,4,Mag.,Wind,Single,Enemy,[Resist] Wind -,Low,High,Enemy,[Debuff] MDEF -,Low,High,,,,,DMG +20% (Mag.),DMG +20% (Mag.),◯ Circle Sigil +2,Boost MATK,Boost Wind Pot.,620,620,30,30,,,,,390,450,550,28,197,42,291,39,167,32,9,5,21,N,Single,0,6030,
Wintercrest Blade,Sephiroth,,4,Mag.,Wind,All,,,,,,,,,,,,,DMG +20% (Mag.),DMG +20% (Mag.),DMG +20% (Mag.),Boost HP,Boost Wind Pot.,290,290,,,,,,,210,240,280,30,207,32,222,38,164,24,9,1,21,N,,0,49029,
White Tree,Zack,,4,Mag.,Wind,All,,,,,,,,,,,,,DMG +20% (Mag.),DMG +20% (Mag.),DMG +20% (Mag.),Boost HP,Boost Wind Pot.,290,290,,,,,,,210,240,280,30,204,32,226,38,164,24,9,1,21,N,,0,20029,
Titan Rod,Aerith,,4,Mag.,Earth,Single,,,,,,,,,,,,,DMG +10%,DMG +20% (Mag.),DMG +20% (Mag.),Boost Wind Resist.,Boost HP,450,450,,,,,,,320,370,430,27,191,32,222,41,177,24,6,0,1,N,,0,4032,
Titan Blade,Angeal,,4,Mag.,Earth,Single,,,,,,,,,,,,,DMG +10%,DMG +20% (Mag.),DMG +20% (Mag.),Boost Wind Resist.,Boost PDEF,450,450,,,,,,,320,370,430,29,199,32,225,39,168,24,6,0,31,N,,0,56016,
Conformer ,Yuffie,,0,Both,None,Single,Enemy,[Debuff] PDEF -,High,High,Enemy,[Debuff] MDEF -,High,High,Self,[Unique] ATB + 3,,,,,,Boost Ability Pot.,ATB Boost Arcanum,2000,2000,30,30,,,,,2000,2000,2000,28,198,28,198,30,129,16,15,29,0,Y,Single,2,6032,
Holiday Garm,Vincent,,4,Phys.,Fire,Single,Enemy,[Unique] DMG+ (while Target has Debuff),1.2x,,,,,,,,,,DMG +20% (Mag.),DMG +20% (Mag.),△ Triangle Sigil +2,Boost PATK,Boost Fire Pot.,940,1128,,,,Target has Debuff,,,520,620,780,41,288,29,204,38,165,24,9,3,13,N,Single,0,8022,
Volcanic Heat,Angeal,,4,Phys.,Fire,Single,Enemy,[Resist] Fire - (while Self HP >= 50%),High,High,Self,[Buff] Veil,10%,,,,,,DMG +20% (Mag.),DMG +20% (Mag.),△ Triangle Sigil +2,Boost PATK,Boost Fire Pot.,620,620,30,60,,Self HP >= 50%,,,390,450,550,41,283,30,207,38,165,32,9,3,13,N,Single,0,56015,
Turks' Blade,Angeal,,4,Mag.,None,All,Enemy,[Debuff] PATK -,Low,Mid,,,,,,,,,DMG +10%,DMG +20% (Mag.),DMG +20% (Mag.),Boost HP,Boost Mag. Ability Pot.,250,250,35,,,,,,180,210,240,29,201,32,220,40,170,24,9,1,27,N,All,0,56017,
Luminary Sword,Matt,,4,Mag.,Heal,All,Ally,[Buff] MATK +,Low,High,Ally,[Enchant] Fire DMG + (while Self HP >= 50%),Low,High,,,,,DMG +20% (Mag.),DMG +20% (Mag.),All (Cure),Boost HEAL,Buff/Debuff Extension,7,7,30,30,,,Self HP >= 70%,,5,6,7,29,204,31,214,52,226,16,12,9,34,N,All,0,51026,
Withering Blaze,Sephiroth,,4,Mag.,Fire,Single,Enemy,[Unique] DMG+ (while Self has Buff),1.2x,,Enemy,[Resist] Fire - (while Self HP >= 50%),Low,High,,,,,DMG +20% (Mag.),DMG +20% (Mag.),△ Triangle Sigil +2,Boost MATK,Boost Fire Pot.,700,840,,30,,Self has Buff,Self HP >= 50%,,440,510,620,29,205,41,285,38,165,24,9,5,13,N,Single,0,49031,
Holiday Blade,Cloud,,4,Mag.,Wind,Single,Enemy,[Unique] DMG+ (while Target has Debuff),1.2x,,,,,,,,,,DMG +20% (Mag.),DMG +20% (Mag.),◯ Circle Sigil +2,Boost MATK,Boost Wind Pot.,940,1128,,,,Target has Debuff,,,520,620,780,31,214,41,289,36,154,24,9,5,21,N,Single,0,1039,
Blue Daffodil Gloves,Tifa,,4,Phys.,None,Single,Self,[Buff] Weakness +,40%,,,,,,,,,,DMG +20% (Phys.),DMG +20% (Mag.),✕ X Sigil +2,Boost ATK (All),Boost Ability Pot.,1100,1100,70,,,,,,600,720,1000,41,283,35,241,32,137,24,9,0,29,N,Single,0,3039,
Premium Heart,Tifa,,0,Both,None,Single,Self,[Buff] Haste,,,,,,,,,,,,,,Boost Ability Pot.,ATK Boost,0,0,30,,,,,,2000,2000,2000,39,205,28,198,29,123,16,15,29,0,Y,Single,3,3040,
Crimson Staff,Aerith,,4,Mag.,None,All,Enemy,[Debuff] MDEF - (While Self HP >= 70%),High,High,Ally,[Buff] MATK +,High,High,,,,,DMG +20% (Mag.),Heal +20%,All (Cure),Boost MATK (All),Buff/Debuff Extension,750,750,35,20,,Self HP >= 70%,,,470,540,660,27,191,40,281,42,181,24,9,40,34,N,All,0,4033,
Chocobo Paddle,Cloud,,4,Mag.,None,All,Enemy,[Resist] Fire -,Low,Mid,,,,,,,,,DMG +10%,DMG +20% (Mag.),DMG +20% (Mag.),Boost HP,Boost Fire Pot.,250,250,35,,,,,,180,210,240,29,205,31,218,39,168,24,9,1,13,N,All,0,1040,
